User,rating,Tanggal,ulasan
indah martiana,5,4 bulan lalu,"Ya ampun.. ya ampun
Tempatnya ini tuh di jalan raya Batu yang sering dilewati, tapi ga pernah nengok kesini. Deket banget sama Baloga.
Dari depan keliatan kecil padahl tempatnya luassss.
Kids friendly, family friendly, pokoknya yang bawa keluarga besar beserta bocil2nya wajib kesiniii.

- kolam renang, ada lebih dr 5 kolam renang, ga tau sih itu bebas dipake ato khusus kamar2 tertentu tapi so far kita pake ya gak papa sih. Kolam renang anaknya perlu dibersihin lebih sering yaaa

- resto, kita ga include breakfast tapi sempet beli buat makan di kamar dan enak! Harganya pun terjangkau, kita beli ayam 1 ekor harganya sama kek di resto kok.

- kamar, ada beberapa kamar tuh yg isinya s.d 10 orang (kasur bawah, tanpa dipan), menyenangkan sekaliiii, bisa tetep rame2 dan hemat.

- Tempat ini bisa buat outbound juga jadi ada jalan setapak di sawah, mainan outbound di sungai, sawah2, halaman luas buat games.. oke banget.
Tapiii.. kalo pas ada tim yg outbound, suaranya bisa sampe ke kamar apalagi yg deket sama playground.

Yang perlu diperhatikan ini dari kebersihan, kolam renang anak (yang depan sendiri) dan karena pohon2nya rimbun banget jadi ya ada kesan agak sedikiiitttt kurang terawat.
Sama pas dateng tuh kan agak capek ya, tapi harus nungguin di resepsionis sekitar 15 menitan krn nunggu masnya buat anter ke kamar.

Tapi secara umum, memuaskan dan recommended!!!!

Saran ya, supaya bagian depan dikasi signage yg lebih keliatan (kecuali emang mau agak nyempil krn udah over capacity)."
Nabila Azzahra Tiara Diska,4,2 bulan lalu,oke sekali untuk menginap dengan suasana alam. cuma memang perlu sedikir remind beberapa hal spt isi tisu atau lainnya. tapi suasananya memang di desa jadi kalau tidur ada gemericik air nya. kolamnya juga nuansa alam yang dingin dan semi2 lumut (spt di desa). untuk refresh pikiran boleh teman2 kesini👍 …
iman diar,5,Diedit 2 bulan lalu,"Lumayan utk tipis2 arum jeram nya, dpt 2x trip, nice next month coba lagi. Harga masuk saat weekend 60 rb per orang.sudah include bisa masuk kolam renang"
Deazhy Theozhy,1,3 minggu lalu,Dia klaim namanya tempatnya resto. Tp masih bersih warung pinggiran. Ini tempat kaya warung pinggir2 di tempat wisata yg rame dan kumuh. Meja kotor. Jauh dr dapur. Paling kerasa nyiksa customer klo pas hujan gini. Jln menuju meja makan jauh. HAMPIR SETIAP JOGLO TAK PUTERI PODO KABEH KOTOR. Sia2 kluar uang bnyk. Maju dikit mnding warung wareg. Harga menu tdk sesuai dg tempatnya. Gatau lg ini diambil suasana gk bisa. Makanannya gk bisa. Tempatnya/suasana tdk mendukung. Mnding nasi porakan trawas. Murah. Estetik. Klo pilih makan di nuansa hutan .
etlajeavee,5,4 bulan lalu,"Cocok banget buat gathering outbond bareng rekan kerja! Seru banget waktu games, bikin kompak satu tim🤩 Suasananya asri, seger, ngga panas, kalo sore semriwing anginnya, banyak pohon2 jadi ngga panas. Waktu itu kami outbound di tempat yg teduh juga. Ada panggung kecilnya, ada juga gamelan kecil, angklung kecil, topeng buat bocil2 main. Makanannya standard lah ya. Trs habis itu ada River Tubingnya yg sangat zeruwww 😍"
Eka Ardhita,5,7 bulan lalu,"Parah sih.

1. Lokasi strategis banget, di pinggir jalan utama. Kalau dari Baloga lurus aja.

2. Kamar homey banget. Nuansa jaman dulu, tapi rapih, bersih, wangi parah.

3. Kamar mandi oke. Bersih, air hangat nonstop. Kamar meski gada kipas angin atau AC, tapi full dingin.

4. Staff ramah semua. Masya allah. Gak sungkan menyapa tamu tiap ketemu atau papasan. Kereennn.

5. Ada kolam renang juga. Kids friendly.

6. Compliments lengkaaap. Air putih dikasi 4 botol meski free breakfast hanya untuk 2 orang. Soalnya kami book room standart 2 beds. Gini aja uda merasa istimewa, karena detail staff nya dalam menyambut tamu, luar biasa. Handuk pun ada 4 pcs.

Minusnya cuma 1, saat kami udah req early check in dan datang lebih telat satu jam, kamar belum ready. Jadi nunggu 15 menitan. Tapi terbayar sama mbak2 resepsionis yg ruamah pol. Jadi gak bosan kami nunggu.

Satu lagi, pak Satpam pas kami CO malah main HP dan abaikan kami saat keluar hotel. Padahal lokasi hotel ini setelah tikungan. Jadi kami agak kesulitan saat menyebrang. Mungkin lain kali bisa lebih sigap saat ada tamu yg keluar hotel baik hanya untuk main atau CO. Sebab pas kami datang juga disambut satpam dan dibantu untuk parkir. Karena untuk dapat arahan security 24 jam kan masuk di pelayanan hotel yg tamu dapatkan.

Terima kasih tamandolan, sudah berikan staycation yang berkesan bagi keluarga kami, utamanya anak-anak.

Sayang banget harus CO pagi-pagi, karena suami ada urusan kantor. Padahal masih betah rebahan di kamar 😄"
Tim Support,5,3 bulan lalu,"Ada lebih dari 5 kolam renang untuk anak, dewasa. Ada arena outbond luas, bisa river tubbing, susur sungai, ada penginapan, cocok untuk gathering sekolah, keluarga, perusahaan etc. Restoran makanan harga terjangkau, bisa pesan lewat WA, bayar tunai atau QRIS atau transfer. Pesanan diantar ke lokasi yang diinginkan, bisa di gazebo atau taman lokasi outbond. Bisa pilih paket untuk yang mau gathering. Disediakan guide dan petugas pendamping gathering"
Achmad Farid,4,7 bulan lalu,"Salah satu tempat wisata yang terjangkau dan asri yang ada di Kota Batu. Tersedia kolam renang yang bisa digunakan untuk anak-anal hingga dewasa.

Tak hanya itu, di sini juga tersedia penginapan seperti villa yang sangat bagus, bahkan ada yang memiliki private pool.

Mereka juga menyediakan berbagai macam menu makanan restoran seperti lalapan hingga seafood."
Cucu Isma,5,3 minggu lalu,Tempat wisata yang murah meriah. Dekat dari rumah. Ada juga outbound disini. Berenang sambil menikmati makanan yang tersedia di taman dolan. Jangan lupa nikmati ingkungnya ya. Ayam ingkungnya best banget👍👍🫰
Alfiya,5,4 bulan lalu,"Outbound seru, dan berbeda dengan outbound yang lainnya, Asik, Kreatif, dan membuat kita menjadi tim yang bisa berkerjasama.

Baik dan bagus semua👍, fasilitas,makan, dan lainnya

Yang kurang cuman Dokumentasi nya, dikirim nya Lama sampai berhari-hari, dan Dokumentasi nya tidak dikirim semua.

Saran Pakai Smartphone atau kamera Sendiri, tapi jasa yang memotret tetap dari tim nya sana."
Risva Dewi,5,4 bulan lalu,"Tempat menginap terbaik paling nyaman di bumiaji batu, tempat favorit keluarga saya
Pemandangan sawahnya
Suara kicau burungnya di pagi hari
Gemericiknya air sungai menambah syahdu
Pokoknya recommend banget homestay ini dah"
Lx,1,2 bulan lalu,"Pesan makan di warung ingkung taman dolan, utk 6 org, pelayanan sangat buruk, resepsionis tidak ramah & judes..., lokasi tempat makan kotor & banyak nyamuk, pelayanan laaammaaa sekali... sehingga pesanan kami terpaksa kami bungkus... sangat mengecewakan.... NOT RECOMENDED sama sekali... sangat tidak profesional..."
Nabil Farhani,4,7 bulan lalu,"Tempatnya tenang ,asri, sejuk banyak spot foto , kmr jg bersih cocok buat yang bawa bocil sbb bnyak pilihan kolam renang.pelayanannya jg baik ramah2, Makanan jg enak menu banyak pilihan. Cm sayangnya ndak ada tong/timba dalam kamar mandi ndak bisa menampung air panasnya. Untuk kedepannya bisa di tambahin ya."
Erry Widijantoro,5,6 bulan lalu,"Menghabiskan libur lebaran disini. View nya luar biasa utk kami yg setiap hari lihat nya gedung2. Pengalaman yg bagus bagi anak2 untuk dekat dengan alam, banyak kolam renang dg air yg jernih adalah nilai plus buat taman dolan.
Keep up the good work"
Novi Viodi,5,setahun lalu,"Homestay yang nyaman dan tenang. Suasana pedesaan.
Saat malam hari terdengar suara gemericik air dan suara katak. Menginap di tipe standard eksklusif sangat direkomendasikan utk keluarga kecil, kamarnya bersih, ada balkon dg view. Makanannya enak-enak, lokasi strategis, harga terjangkau. Ada kolam renangnya bnyak."
Kidd Shandy,3,7 bulan lalu,Untuk HTM 20rb Kolamnya trgolong kecil dan simple... Seluncuran nya juga msh kurang...tp kl buat nginep sih buat aku OK suasananya enak.. Untk penyajian makanan kurang fast... Tp soal rasa udh lumayan..
Yunita Fera Rahmawati,3,2 tahun lalu,"Pengalaman pertama ke tempat ini, untuk harga relatif murah, respon CSnya lumayan cepat. Untuk breakfast dpt all you can eat, untuk rasa sangat recommended. Tempatnya luas banget, tidak direkomendasikan utk org tua. View di malam hari gemerlap bintang, utk pagi hari bisa jalan2 sampai di perkebunan. Enak untuk refreshing. Banyak tanaman disekitarnya. Banyak pilihan swimming poolnya. Untuk anak2 harus dlm pengawasan, krn hanya diamankan dengan tali tampar untuk naik turun tangga. Sangat membahayakan jika jatuh.
Untuk minusnya, pelayanannya sangat kurang, salam senyum sapa ga pernah ada, juteknya ampunn deh. Sy dtg bersama rombonga  di weekday tp diberi harg weekend, dimint menghubungi CS lg utk prosesnya, rumit! Utk kamar lumayan bersih. Harus bersih2 dl sebelum mau dipakai tidur. Toilet cm 1 aja utk barak dg 10 orang sangat kurang, jd harus pakai toilet luar. Pintu toilet rusak, ammenities yg disediakan jg tdk komplit hanya 8 botol aqua, sabun shampo juga terbatas dan pintu toilet rusak gabisa ditutup. Untuk breakfast, cafenya sempit. Saran: jika tamu full tolong ditambah meja kursi lagi, proses refill lama, bahkan sebelum jam habis sdh ga direfill lagi. Pdhl baru jam 8 pagi. Pemeriksaan ketika check out juga lama. Masih banyak bangunan yg belum jadi, masih proses renovasi.
Untuk parkir susahhh banget dan minim tempatnya krn lahannya miring.
Mohon ditingkatkan terutama pelayanannya, lebih ramah dan tanggap thd layanan customer serta lbh profesional lagi."
Mary Rizkia,5,9 bulan lalu,"Tempat yg sangat unik.Beragam pwrmainan traditsional bisa kita temukan disini. Konsep penginapannya sgt menarik sgn tema permainan tradisional. Alamnya msh segar,natural dan dikelilingi berbagi kebun sayur dan buah. Jgn coba coba kesini sendiri tempat ini covoknya rame rame bareng keluarga atau rekan kerja. Disini jg bs buat outbond, tubbing dll"
Ayu Tyas,5,8 bulan lalu,"Tempat wisata edukasi cocok untuk kegiatan sekolah bersama anak-anak. Ada river tubing, kolam renang, ninja warrior, petik selada, dan lain-lain.
Tempatnya sejuk, adem, ramah anak, kamar mandinya banyak, bersih, rapi, musholla oke, aula juga oke, staffnya juga ramah"
Endah Purwa,5,setahun lalu,"Wisata alam dengan sajian edukasi. Dapat dikunjungi dan sesuai untuk berbagai usia, dari anak-anak hingga dewasa.
Terdapat kolam renang yang pasti disukai anak.
Tersedia fasilitas penginapan dengan nama-nama aneka permainan tempo doeloe.
Lokasinya sangat strategis terletak di jalan raya ke arah Batu"
syareefa putri,5,11 bulan lalu,Sangat menyenangkan... Anak2 suka banget outbond di taman dolan.. Belajar plus bermain.. Tidak membosankan.. Pelayanan nya Oke banget... Walaupun tadi sempet hujan deras saat river tubbing tapi anak2 happy banget..disini anak2 juga dijaga banget sama pendampingnya.. Dijamin aman.. Makasih banyak mas hendri dkk atas pelayanan nya⭐⭐⭐⭐⭐⭐⭐tahun depan kesini lagi🤭
Lili Nur,1,sebulan lalu,"Tempatnya alam banget. Tapi sayang sekali tidak di jelaskan di awal mengenai breakfast yang tidak buffet. Tapi diantar ke lokasi.
Awal nginep sini, breakfast nya buffet.
Pas kesini lagi, tidak ada penjelasan di awal jika di antar ke lokasi dan tidak buffet. Dan petugas bilang, Klo khusus hari ini tidak buffet. Kasian dong  orang2 yang nginep khusus hari ini. Jika tidak di jelaskan di awal."
Khoiruddin Yanuar Syam,5,seminggu lalu,"Dari sekian kali pernah nginep di hotel, hanya taman dolan yang menyediakan 1 sajadah di room-nya. Semoga berkah melimpah 🤍🙏"
Risharyanto Rizhar,5,2 tahun lalu,"Keren, Alami dan Sejuk. Cocok buat Healing bareng keluarga plus bocah kecil. Sekedar saran, kalo kalian dateng lokasi sekitar tengah hari langsung coba aja masuk kolam renangnya. Tapi kalo nginep, besoknya masuk kolam jangan dibawah jam 10..soalnyo airnyo duingino bangeto guys..."
titi yusliyanti,5,2 tahun lalu,"Menginap sehari disana pas weekend lumayan rame karena ada yg gathering. check in sangat cepat bila kamar yg mau ditempati sudah siap kita akan langsung diantar, standart check in jam 3 tapi kemarin jam 2 lebih sudah bisa masuk.

Recomended untuk yg bawa anak kecil, bisa main di sawah, ada sungai kecil di bawah, ada mini outbound, kolam renang juga (ada 4 lokasi kolam renang), tapi kalau bawa orang tua apalagi yg punya masalah saat jalan patut dipertimbangkan karena lokasi cukup luas dan di daerah perbukitan sehingga kalau mau menuju lokasi sarapan atau ke kamar penginapan harus melalui jalan menurun yg lumayan.

Soal kamar, kemarin dapat kamar bekelan, konsepnya tradisional dengan full interior dari kayu, jadi 1 kamar ini bentuknya 1 rumah kecil, kamar mandi sudah ada water heater juga, sangat nyaman. lokasi kamar lumayan kalo jalan dari parkiran belakang apalagi kalau kalian remaja jompo yg jalan dikit udah capek. Plusnya di depan kamar ada gazebo buat nongkrong

Geser ke pemandangan, luar biasa siang dan malam, langsung bisa lihat hamparan sawah, kalo malem ngga serem karena banyak lampu yg dipasang.

Sarapan menu tradisional ya, ortu cocok banget sama menunya, tapi kalo kalian mau cari makanan lain diluar juga deket dari warung"" makanan, mau pesen room service juga bisa.

Paling seneng bisa nongkrong di gazebo"" yg udah disiapin, banyak banget  di dekat cafe di pinggir sawah."
Pudiono Pudiono,5,setahun lalu,"Taman Dolan , pemandangan bagus tepi sawah , ada beberapa kolam renang , untuk anak dan dewasa , udara cukup sejuk segar karena banyak pohon 2 , mau makan juga ada yang jual , tinggal pilih makanan yang suka , harga terjangkau , pelayanan baik , untuk bermalam di sini juga bisa , baru pertama kali datang ke tempat ini , untuk istirahat sebentar makan dan minum kopi , bagi teman 2 yang sudah cukup usia , harus hati 2 karena jalan banyak naik turun tangga , jadi saya belum pernah bermalam di sini , mungkin kalau berlibur lagi ke kota Batu baru akan saya coba ."
Moch Fadhlurrohman Nafis (MUSLIMFLUENCER),5,10 bulan lalu,"Homestaynya nyaman, buka jendela kamar langsung view persawahan. Harga homestay tapi berasa di hotel 🔥 Lengkap dengan area outbond serta kamar dengan berbagai tipe.

Pengalaman outbond yang seru & menyenangkan 😚 Tempat staycation seru bersama keluarga ataupun rekan kerja.

Sedikit saran, di beberapa fasilitas ada yang berdebu. Meski nuansanya jawa, tapi akan lebih baik kayunya dilap agar bersih."
Benny Yanuar,5,2 tahun lalu,"Terletak di dekat Batu Love Garden. Lokasinya terlihat kecil dari luar tetapi dalamnya sangat luas. Di sini terdapat cafe , kolam renang dan penginapan. Untuk berenang kami membayar tiket perorang 15.000 pada saat weekend. dan membeli paketan snack seharga 50.000. Rasa makanannya cukup enak. Lingkungannya sangat asri, menempel langsung dengan sawah dan perkebunan selada air."
jacksport ngalam,5,3 bulan lalu,"Wisata edukasi cocok untuk segala usia, ada penginapan juga model tempo dulu. Bisa outbond, bisa belajar bersama anak, ada kolam renang yg semakin bertambah luas lokasinya.
Saran sedikit mungkin beberapa titik memerlukan penambahan penerangan lampu terutama akses menuju kamar bagian room belakang, dan di dalam kamar juga perlu menambah penerangan.
Pasti bakal kembali ke tempat langganan keluarga kami ini 👏👍"
BilBighBam Irvanendra,5,setahun lalu,"Buat yang hobi main air & pengen renang di pemandian bernuansa alami bisa nih merapat kesini.tempatnya adem,mudah dijangkau.tiket masuk juga ngga terlalu mahal. Eh,ga cuma berenang aja loh,disini jg ada cottage2 yg nyaman buat liburan bersama keluarga.
Yang pengen bikin acara sekolah,kampus,kantor juga bisa outbond disini
Cuma mau makan & ngopi???bisa jugalaaah..
Coba sendiri aja deh.."
Jocelyne Mirabel,4,setahun lalu,"Tempat cukup nyaman utk melakukan berbagai kegiatan. Byk pohon, rindang, byk tempat duduk buat sekedar bersantai menikmati kopi, view sawah, salesnya ramah, kamar oke, kolamnya ada byk."
Faridz Rizal Fachri,4,7 tahun lalu,"Penginapan dengan konsep alam dan tradisional yg cukup menarik. Terletak di dekat Kota Wisata Batu, akses yg mudah, dikelilingi oleh sawah, menjadikan tempat ini sangat recommended utnuk menghabiskan waktu bersama keluarga ketika liburan.

Harganya benar2 terjangkau, dengan design kamar tidur yg unik (didominasi elemen kayu), dengan view kaca besar yg langsung mengarah ke pemandangan sawah, benar indah. Kita bisa menyaksikan para petani sedang merawat sawahnya di pagi hari.

Pelayannya juga lumayan OK, dan kisa bisa request juga apa yg kita butuhkan, seperti menambahkan ornamen bunga pada tempat tidur untuk palet bulan madu.

Hal yg perlu ditingkatkan lagi adalah, kerapian di sekitar lokasi Taman Dolan, untuk keversihan sudah OK, tinggal kerapian nya yg perlu diperhatikan dan dirawat."
Wahyudi Kurniawan,4,2 tahun lalu,"Bener2 berasa balik ke desa kakek / nenek dengan masih banyak nya sawah, ngrasain gigitan nyamuk yang bener2 khas nyamuk nya Ndak takut di pukul 😁

Overall masuk,, cuman mungkin bisa di kroscheck lagi beberapa kebutuhan kamar yang bisa jadi masukan.."
Wati Utami,5,Diedit setahun lalu,"Penginapan yg asri dan terasa alami bgt, nyampek sini langsung lunch dgn masakannya yg enak bgt, dapat breakfast yg mantap dan lengkap dgn buah + singkong gorengnya, semua pelayannya juga sopan dan ramah²,selalu menyapa klo papasan sama pengunjung, kolam renang bersih, ada kolam renang khusus untuk yg bermalam ditaman dolan, nggak jadi satu sama kolam renang  yg untuk umum, pemandangan klo pagi Bagus bgt, lokasi jg dekat sama coban lanang cukup ditempuh dgn naik mobil 10 menit aja dari penginapan udah sampai, klo naik motor malah cuma 5 menit.
Next time pasti kesini lagi ❤️"
Safira Afuza Adri,5,setahun lalu,"Dengan harga menengah, interior kamarnya biasa aja, view-nya persawahan, jalanan antar kamar naik turun, tapi seru klo ngadain gathering disana."
Wahyu Pangarso,5,6 bulan lalu,"Menyenangkan, kembali ke alam.. natural, cocok bermain atau liburan dengan keluarga atau kolega"
Gandis Wulan,4,4 tahun lalu,"Tempatnya strategis pinggir jalan. Alami segerr banget semilir angin nya. Menunya juga termasuk variatif dan rasanya mayanlah ga mengecewakan. Harga sesuai lah , ada yg paket keluarga juga dan free tiket masuk. Ada kolam anak dan dewasa tapi pas kesana yg dewasa agak kotor rontokan daun sih. Yg mau nginep juga ada penginapan nya lo , model vintage kayu2 gituu."
Ayu Trans,4,2 tahun lalu,"Kali k3 staycation dsni, pelayanan keseluruhan cukup memuaskan.
Tp kmrin agk kurang mengesankan krn mungkin habis hujan swimpool sedikit kotor, dan lg highseason jg jdi familyroom ku water heaterny ga ada, utk fasilitas lainny oke.
Lebih ditingkatkan lagi yahh utk kelengkapan fasilitas, sukses trus taman dolan"
Citra Setyo Wk,4,6 tahun lalu,"Tempat ini cocok bagi yang suka Outbound, ada paketan murahnya...  Bagi yang muda dan penuh tantangan. Ada kamar yang kereeen banget buka cendela langsung pemandangan nya hamparan sawah yang cantiiik banget, ini saya foto tapi nggak sesuai aslinya yang aduuuh nggak bisa aku ucapkan, kayak di Bali Indah banget. Harganya terjangkau badgetnya jugabisa disesuaikan. Kamarnya bisa digunakan ber 10 orang yang tentu saja murah meriah jatuhnya. Pelayanan ramah, lingkungan bersih nuansa pedesaan, alami,  airnya dingin banget karena dari sumber air, benar2 air yang bikin awet muda kalau kita mandi disini tiap hari, karena air dari sumber. Hmmmm..  Yuuuk rame2 menginap di Taman Dolan yuuuuukkkkk..."
Kusbandi Feri,5,setahun lalu,"Tempatnya recomended banget,cocok buat refresh bareng keluarga,harga kamar murah,makanannya juga enak..suasana klo malam hari tenang sekali..."
naya,4,3 bulan lalu,"Saya datang ke resto, pelayanan karyawan semua bagus kecuali RESEPSIONIS CEWEK ditanya menu rekomen jawabnya ogah² an, kalo karyawan modelan kayak dia usaha cepet rugi pdhl makanan enak semua.. kalo bisa resepsionis cewek diganti aja"
MAKE SIMPLE 86,5,setahun lalu,"Tempatnya bersih,luas,banyak spot foto juga,pemandangannya bagus,suasana sejuk bgt dan rindang kamarmandinya juga banyak. Jadi pas acara rame* kmren ngga sampe antri banyak buat mandi wkwk..."
Nurul Khasanah,5,2 tahun lalu,Untuk tiket masuk renang aja hanya 10 rb per orang anak dibawah 3 thn free.. bagus banget view nya instragamble .. wort itttt 🫶🏻🫶🏻🥰🥰🥰🥰
Sri Wahyuni,4,6 tahun lalu,"Salah satu tempat yg bisa menjadi alternatif menginap, outbound, makan dan minum . Berada di jalan raya Pandarejo Bumiaji Kota Batu Jawa Timur. Jalan raya arah ke karanglo sebagai salah satu alternatif jalan ke Surabaya.

Suasana nyaman, asri dan tenang dengan taman yang tertata rapi.
Bangunannya di domonisasi bahan dari kayu yg terlihat alami dan bikin sejuk.

Ada fasiltas kolam renang anak anak dari sumber Mata air alami yg segar dan bening.

Fasiltas lengkap ada beberapa pilihan buat nyantai dan makan dengan pilihan menu beragam.

Bisa menjadi salah satu tujuan keluarga anda."
yunior logam,5,7 bulan lalu,"Nginap di Taman dolan tempatnya,enak,sejuk,bagus,view pedesaan banget"
Grab Andreas,4,2 tahun lalu,"Hotel yang konsepnya cukup baik, cuman kurang terawat... Fasilitas sedikit kurang sesuai dengan harga... Meja u/ meletakan barang2x sangat minim..."
Wedha Aryandi,5,4 tahun lalu,"Yang bikin menarik di penginapan Taman Dolan ini viewnya bukan kaleng2..

Lokasinya memang agak sedkit jauh dri kota batu/ Malang tapi untuk room dan fasilitasny okey..

Lokasinya di pinggir jalan ..

Aku pesan yg standart room untuk 2 org.
Pesan via pegi2 untuk harganya sendiri 214k, 1 kmr isi 2 org, sdh termasuk  sabun.. sampo.. pasta gigi dan sikat, dapat handuk juga sandal,  ada tv kabel juga wifi.. no breakfast

Tapi gk mslah karena di sana juga menyedikan menu2 pilihn klw mw order makan..

Di belakang penginapan ada cafe yg berlokasi id tengah2 sawah gtu.. sedkit kurang terurus kata petugasny memang pembangunan terhambat semenjak corona..

Tapi serius gk nyesel kok nginep disni"
Putri F Windiningtyas,4,5 tahun lalu,"Tempat wisata dengan konsep alami. Tersedia kolam renang untuk dewasa dan anak-anak, restoran, home stay dan juga outbond.
Tiket masuk hanya15k per orang.
Bisa bersantai di gubuk sambil menikmati lagu dan juga suara alami air.
Makanannya enak dengan harga yang cukup terjangkau.
Kebersihan di setiap gubuk perlu diperhatikan, semoga kedepannya lebih baik lagi 😍"
wahyu ratnasari,4,7 tahun lalu,"Tempatnya bersih, bagus n nyaman buat kumpul bareng keluarga apalagi yang bawa anak kecil karena ada kolam renangnya,
fasilitas yang disediakan cukup memadai
Lokasinya juga gampang dicari karena di pinggir jalan
Recommended untuk dikunjungi 😁😊"
Alansyah Albar,1,setahun lalu,"Kurang wort it, harga sekamar 750rb isi 4 orang gak ada ac gak ada kipas angin pun, memang pemandangannya bagus saya akuin penataan taman sangat joss, tapi kenyamanan kamar diperhatikan juga dong, colokan gak ada listriknya, dg harga sgtu saya rasa kurang layak, apalagi gak dapat breakfast dg harga diatas 500eb harusnya dapat breakfast"
Densai Densai,5,5 tahun lalu,Tempat bersih dan nyaman. Lokasi cottage yang dekat sawah dan sungai membuat view bagus(langsung dari jendela kamar). Lokasi masuk gang membuat suara kendaraan hampir tak terdengar.hanya suara kericik air sawah yg terdengar. Recommended banget buat yg pengen cari ketenangan. Air hangat juga berfungsi normal.
Nikamah Tukijan,5,2 minggu lalu,Tempat yang asik buat kumpul bareng keluarga. Tanpa harus ke luar area semuanya tersedia di Area.
Dewi Yoestiana,5,7 tahun lalu,"Lokasi mudah ditemukan, di sisi jalan Raya Pandanrejo, Bumiaji,  Batu. kenyamanan dan keceriaan yang bisa diperoleh dengan harga terjangkau. Mengusung konsep sederhana alam pedesaan nan asri, dilengkapi dengan kolam renang dan arena outbond yang menantang. Sembari menikmati beberapa pilihan paket menu makanan dan minuman khas Jawa yang lezat."
Febri Ariyanto,5,3 tahun lalu,"Nyaman, sejuk, asri, suasana persawahan dengan view gunung arjuna dan gunung kawi, tempat bermain juga luas, makanannya enak banget, cuman di dalam kamar perlu dikasih wastafel."
Lisa Afrida Ayu Sitepu,4,5 tahun lalu,"Tempatnya lumayan bagus, ala ala pedesaan gitu. Cuman parkir yg didepan itu muat sedikit, don't worry katanya masih ada tempat parkir yg lainnya. Ada penginapan jg. Bolehlah sesekali mampir kesini, secara tiket masuknya murah"
Melani Vina,5,setahun lalu,"Tempatnya sangat asri, udaranya segar. Cocok banget untuk acara kantor, sekolah, kampus, dll. Untuk acara kantor ada tim event yang menangani. Banyak kegiatan seru yang ditawarkan, seperti flying fox dan river tubing.

Kawasannya cukup luas, pemandangannya sangat bagus. Ada 4 kolam renang disini. Cocok banget buat yang punya anak kecil.

Makanan yang disediakan juga enak. Menunya beragam. Rasanya mantap"
otheks herlambang,4,7 tahun lalu,kolam renang yg cocok untuk anak2 aja.. harga murah meriah cuma 10rb... awalnya tertarik karena lihat di google ternyata ga sesuai harapan...  hehe...  overall lumayan lah...
Brilliant Matriwiria,1,Diedit 5 tahun lalu,"Menginap tggl 24 Oktober,

1. extra bed tidak sama dengan asalnya tipis dan dibawah padahal sudah di charge 150rb no bf.
2. TV hanya beberapa channel.
3. wifi tidak bagus.
4. tambah bantal charge 25rb , minta air hangat di charge (hotel bintang tidak pernah di charge)
5. saat mau pinjam alat makan, dilarang makan di kamar , katanya harus breakfast di hotel, hello.. gimana klo tamu pesan food by grab/gojek , klo gitu jangan jual kamar Room only. dan masukan di hotel policy.
6. security tidak ada waktu malam, parkiran tidak ada yg jaga.
7. Kolam renang kotor.

Plus nya:
1. Ada kegiatan edukasi anak jam 7.30 pagi.
2. View pedesa an
3. Kamar luas.
4. Ada gazebo di sebelah sawah.

Semoga bisa di perbaiki"
Ratih,5,6 tahun lalu,"Cocok untuk menikmati hari libur terbebas dari hiruk pikuk kota. Tempat menginap yang dikelilingi areal persawahan. Ketika pagi, terdengar burung - burung berkicau dan juga suara air sungai mengalir. Ketika malam, terdengar suara jangkrik yang nyaring. Sungguh suasana yang ngga akan didapatkan saat berada di Kota. Areal Taman.Dolan memang tidak mencolok terlebih ketika kita tiba pada malam hari sehingga harus berhati - hati agar tidak terlewat. Untuk kamar standart cukup baik. Dengan fasilitas kamar mandi dalam, televisi, dan juga telepon untuk menghubungi pihak resepsionis. Kita juga mendapat sarapan."
Chaka ahmad,5,6 bulan lalu,"tempatnya nyaman,aman, santuyyy gokss abis"
Maiang Danna,2,Diedit 2 tahun lalu,"Kualitas kamar Ketapel ""Tidak Baik"" (dibandingkan dengan pengalaman menginap sebelumnya dikamar gedrik dan wayang).
- wifi tidak terkoneksi internet
- sandal homestay hanya 1 pasang (seharusnya 2 pasang)
- handle door lock kamar mandi rusak, susah dikunci
- kamar bau apek dan lembab
- debu pekat menempel di dinding kayu
- atap kayu banyak kotoran
- reruntuhan pasir dan kotoran dari atap jatuh di bed dan cover bed
- banyak semut berkeliaran di bed dan cover bed
- ada kotoran tikus di tepi / sudut kamar
- sempat ada masalah air dikamar mandi tidak mengalir sama sekali baik di keran, shower, dan jet shower. Saat menyampaikan keluhan via telepon 801/11, salah satu cs wanita yg terhubung merespon dengan jawaban yg membingungkan dan kurang solutif"
leony yustissia,5,3 bulan lalu,"Homestay yg nyaman, luas dan pemandangan sangat indah. Kamar juga bersih. Breakfast lumayan enak. Staff ramah, okelah untuk semua."
Hendri eko setiawan,3,Diedit 3 tahun lalu,"Pengalaman menginap disini minggu, 13 September 2020
Udaranya segar karena berdampingan dengan sawah, pemandangan juga bagus.
Masakannya juga enak cuma roomnya kurang nyaman.
Didinding kayu dengan jendela kaca besar yg cukup lebar tapi kordennya satu layer  gak bisa tertutup rapat jadi privasi sangat kurang apalagi tiap kamar saling berdekatan.
Biasanya kalau dihotel nambah extra bed dapat sarapan tambahan juga tapi disini enggak. Udah konfirmasi tapi katanya memang gak dapat 😀
Mohon diperbaiki lagi pelayanannya"
Bagus,5,5 tahun lalu,"Recommended buat liburan keluarga, kantor dan komunitas.

Ada homestay dengan nama-nama mainan jawa, kolam renang, warung makan/ngopi lesehan dengan view persawahan selada dan udara yang sejuk.

Untuk pelayanan dari tempat parkir sampai di dalam sangat-sangat baik.

Untuk kebersihan kamar, mushola, kolam renang, warung dan area bermain sangat terjaga.

Menu-menu masakan/makanan yang ditawarkan juga enak.

Untuk anak-anak harus extra pengawasan orang tua."
abdul malik hasan S HI,5,5 tahun lalu,"Tempat yg bagus untuk outbond,  dingin gk perlu ac,  air panas pakek gas,  kolam renang ada 5, sip untuk anak2,  meski krmarin kesana waktu mau pulang mandi dulu ternyata gas elpiji habis,  akirny gk mandi... Wkwk"
Lapo Lapoae,4,5 tahun lalu,"Tempat sangat asri, bagus banget buat keluarga, makanan enak.. harus diperhatikan kebersihan dan banyak nyamuk"
DotaYusra Family,4,4 bulan lalu,"Wisata outbond dan kolam renang
Serta penginapan

Dapat harga 385rb (termasuk sarapan)
Sarapan mewah dan mantap

Nuansa pedesaan ,

Cuma sayang pelayanan kurang cepat dan tanggap apa karena lokasi jauh dari basecamp reception ?"
Suciningsih,5,11 bulan lalu,"Luar Biasa, seruuuuu sekali tempatnya, udaranya sejuk, nyaman, home stay nya cocok buat nginep sekeluarga, menu masakannya enak banget, sangat recomend banget 👍👍"
Arina Swastika Maulita,5,5 tahun lalu,"Tempat wisata edukasi yang menarik, dengan berbagai kegiatan yang bermanfaat. Lokasinya dekat jalan raya mudah dicari. Suasana yang menyenangkan seperti pedesaan. Cocok untuk outbound anak-anak dan homestay bersama keluarga."
linda irani,5,3 tahun lalu,tempatnya rekomen bangeeeet..  Buat liburan yg ingin ketenangan. Harus nginep.. Karena utk cottage nya nyamaaan bgt.  Aduh kudu ngerasain sendiri.  Servicenya pun beyond your expectation!! Pen kesana lagiii.  Thank you Taman Dolan Batu
rani dwi sartikasari,5,Diedit 5 tahun lalu,"Sebuah konsep wisata yang sangat unik, dengan tema etnik tradisional. nyaman dan asri cocok untuk berlibur keluarga dan anak sekolah mulai dari TK-SMA. Menyediakan berbagai fasilitas, mulai dari kolam renang, homestay , rumah makan, dan outbond anak, dewasa, dan gathering perusahaan, yg dikemas sangaaat keren dan ""beda"" dari yg lain. Kalo kesini, wajib cobain wahana river tubbing juga, dan yang paling seruu sambil makan tumpeng ayam Ingkung dinikmati di area gubuk selada air di tengah sawah 😍 Pelayanan yg sangat ramah dan outbond yang sangat berkesan. Bikin ketagihan pengen mampir lagii dan lagi. Terimakasih Taman Dolan 😀"
Fifi Arifin,5,setahun lalu,"Tempatnya asri, view langsung pemandangan sawah, vibesnya berasa lagi di ubud . Pelayanan ramah, harga makanan terjangkau, ada outbound buat ank-ank juga. Cocok buat acra keluarga besar atau gathering."
Dheewi AP,4,6 tahun lalu,"Nyaman, sejuk, tenang, pemandangan bagus, tempatnya santai, dan ada banyak fasilitas disini. Dimulai kolam renang, lokasi outbond, rafting, bbrp spot kuliner, dan masih banyak lainnya tersedia disini.
Karna td ga sempet makan siang diluar jadinya sekalian pesen makanan dsini. Rasanya enak, dan harganya juga terjangkau.
Siip lah 👍

Untuk kondisi kamarnya sendiri sih udah bagus. Dapet shampo, sabun, sikat gigi dan sandal (sama seperti fasilitas hotel pada umumnya), dan ada air hangatnya juga. Cuma airnya sih menurut saya kurang begitu kenceng alias rada pelan gitu keluarnya, dan g ada meja dikamar jadi bingung naruh barangnya 😅

Tapi over all sih udah oke kalo menurut saya 👏"
Fransisca,5,6 tahun lalu,"Tempat menginap yg asyik bagi yg menginginkan suasana pedesaan yg asri dan alami..dilengkapi resto yg menyuguhkan makanan dg rasa yg enak
Jika ingin mencoba paket outbond, flying fox, dan river tubingnya asyik juga lho...apalagi ada beberapa kolam renang yg bisa dipakai bermain air... asyiknya lagi bisa mencoba berbagai permainan tradisional seperti engrang,klompen, dan hulahop"
Na Setyo MOCO BUKU,4,6 tahun lalu,"Dapet info dr temen ne tempat bilangnya karangploso lurus aja...da de motoran mpe mentok ""kota wisata batu"" nah lo mana juga tmpatx.puter balik trus inget swara mb google tanya da trxt cuma kurang 200 meter.
Begitu ketemu tmpatx kesan pertama asri.k loket trxt sdh bisa sekalian pesen mkn.ywdh ambil ayam ingkung.kt org mahal cuma klo dipikir mank tmpt rekreasi ya g jg ze 190 dpt ayam ingkung.nasi sebakul porsi 5 org dewasa.es teh 5.masuk deh nyari kolam...trxt neee kolam untuk dewasa g diisi penuh jd isa dipke anak kls 4SD gt.
Dan hanya satu kolam.untuk anak2 ada 2 kolam d bagian atas n deket ma kmr mndi.karena kmr mndi untuk dewasa dan mushola sedang perbaikan akibat longsor gt.trus aplg y eia ada homestay buat yg pgn lg prjalanan mngkin jd renang plus nginep sekalian.apalagi mank lingkunganx deket sawah.untuk penataan tempatx lumayan bagus lah.cuma klo bisa kolam dewasa mank untuk dewasa gt."
Taufik Subarkah,5,Diedit 7 tahun lalu,"Taman Dolan bernuansa kampung, rumah kayu di tengah lingkungan luas teduh dan asri. Cocok untuk keluarga. Arena playground, outbond dan kolam renang diperuntukan untuk anak-anak."
Muhammad Adyaan Nadhiir Rembaka,4,6 tahun lalu,"kapan hari kesini pas masih sepi, jam 9nan.  Kolam renangnya terasa milik berdua, si Kecil & ayahnya saja, hehehehe. Gurami bakarnya enak, meski pedas, si kecil sampe minta nambah nasi, hahaaa. Lain kali boleh donk ngasi diskon buat khusus warga Kota Batu. Gak hanya pas weekend ada promo/paketan. Makasiii 😁😁😁 …"
Akhmad Fadilah,5,6 tahun lalu,"Konsep penginapan dengan pemandangan yang menyejukkan ditambah suara aliran air terjun kecil dari sungai disekitarnya, dan juga lapangan bermain yang cukup luas untuk anak, kolam renang, outbound arena."
laila rahmasari,5,5 bulan lalu,Sangat seru buat anak kecil
Nila Puspitasari,4,7 tahun lalu,"Penginapan ok, kolam renang ok ada 3 , reataurant ok, suasana ok , yg kurang lahan parkir di penginapan segera diperbaiki , cat ulang kayu dan sarana bermain agar terkesan suasan desa yg terawat , pagar tebing diganti ke yg lebih safe , untuk outbond tak coba sama sekali , harga terjangkau .."
Ariella Cornelia Anggono,5,3 tahun lalu,"Wisata super lengkap. Wahana seru lengkap dengan outbound tools, lapangan luas, aktifitas banyak, gazebo karaoke, staff super ramah dan makanan sangat enak. Ditambah dengan photographer kocak (Arifin) yang luar biasa.. Terima kasih !"
Ghaffar Ghiffar,4,3 tahun lalu,"Tempatnya asikk sejuk, nyaman, bersih,
Barak kapasitas 15pax... Sebelahan sma musholla 👍👍 bikin kangen ni tempat"
Lien Karduki,4,Diedit 4 tahun lalu,Cottage dan resto yang alami pedesaan. Konsep yang menyegarkan dan menyejukkan hati. Benar2 ayem menginap dan makan disitu.. Lihat lah begitu adem nyaman dan benar2 refresh otak..
josy busquest,5,6 bulan lalu,Tempat yg dan nyaman buat menginap sayang tidak ada breakfast nya
Tanti Widyaningsih,4,setahun lalu,"Saat sekolah anak akan mengadakan outbound, kami mendampingi komite ke Taman Dolan ini. Disini memang menyediakan layanan outbound dengan beberapa area.

Saat kami datang survey, sedang full di 3 area outbound di dalam Taman  Dolan. Bahkan saat itu khabarnya ada yang dari Sekolah dari daerah Surabaya.

Tempatnya memang cukup bagus, pemandangannya bentangan sawah dan pemandangan alam. Pelayanan dari trainer dan pegawainya pun cukup bagus. Dan harga per anaknya juga terjangkau."
Nova Salsabila Rahman,3,setahun lalu,"Untuk parkir mobil kurang diarahkan dan tidak adanya karyawan yg membantu untuk keluar dan masuknya kendaraan dari tempat parkir, mengingat kondisi jalan yg berbelok dan menurun serta padatnya kendaraan yg lewat di jalan tersebut tentunya itu sangat membahayakan. Utk karyawan jg kurang dlm menyapa tamu saat berpapasan. Utk kebersihan kamar dan lainnya sdh sangat baik dan memuaskan."
Antaza Channel,5,3 tahun lalu,"Trainernya profesional
Tempatnya nyaman
Yang paling berkesan itu makanannya. Enaak bangeett..

Cuman bagi temen2 yg sukak karaoke. Dibatasi sampe jam 10 malam.. 😂👍

Secara garis besar di rekomended sih untuk keluarga, organisasi, komunitas kerja, dan dalam jumlah besar jugaa..."
sigit setyowibowo,3,Diedit 6 tahun lalu,"Penginapannya bagus, ada permainan, kolam renang, belajar berkebun, outbond, cocok untuk anak TK atau PAUD, dan sangat pas untuk kegiatan family gathering baik keluarga besar maupun kantor"
Marinda Sari,4,6 tahun lalu,"1. Lokasi mudah dicari,  pakai google map.

2. Ada 2 kolam utama,  untuk anak dan dewasa, tempat ganti juga ada 4.

3. Cafe di dalam lumayan lama pelayanannya,  hanya untuk kopi hitam butuh waktu sekitar 15 menit 😅.

4. Tempatnya berbelok2 dan banyak tangga 🙈. Kurang nyaman bawa anak kecil, capek naek turun tangga.  Sering nyasar juga...

5. Kalo outbond,  lumayan seru,  tapi flying foxnya dibenerin lagi ya,  karena saya gagal landing.

6. Kamar mandi di atas ada 4, di bawah kurang tau.  Tapi masih kurang.  Karena lumayan banyak kan yang outbond...

7. Kalo ke air terjun,  tidak disarankan bawa anak kecil ya. Jalannya lumayan curam dan ga safety, bahaya."
Cridia Nilla,5,2 tahun lalu,"Sejauh kaki melangkah backsoundnya gemercik air. Suasana yg sejuk, asri, nyaman benar² terasa vibesnya lagi mudik ke kampung halaman. Alhamdulillah oubond yg disuguhkan bikin anak² pengen balik lagi, staf dan pemandunya juga rama² MasyaAllah 1 paket komplit dan Alhamdulillah tidak mengecewakan"
aris ady putra,5,4 tahun lalu,"Tempat untuk yang kangen suasana pedesaan, kangen sama mudik di desa nenek waktu kecil.. kolam renang anak2 cukup menarik, suasana asri, staf ramah dan tanggap.."
Ahmad Syaiful,5,2 tahun lalu,"Rekomen banget, tempatnya sejuk, asri
Makanan juga enak
Jadi pengen lagi kesini 😍😍"
erytrosia widiyanti,5,setahun lalu,"Pemandangan, suasana, udara masih terasa segar dan dingin...  bahkan suara gemericik aliran air masih terdengar sehingga menambah suasana terasa di pedesaaan"
Vinda Perwitasari,5,Diedit 3 tahun lalu,"Pertma memng trjdi miss komunikasi dgn pihak resto nya....trnyta lgsg di clear kan..playann ckup tanggap,handle cust.complaint jg sangat baik...sya order untuk birthday papa sya..difasilitasi dgn sgt baik...ckup puas sbagai local guide dn pasti drekomndsikan untuk kluarga ato tmn tmn...terlebih rasa makann jg enak dan tasty skli..thank u"
Niar Za,5,11 bulan lalu,Kolam renang banyak. Makanan lumayan enak.
Ivana Sugiarto,4,4 tahun lalu,"Tempat penginapan yg sangat asri. Semua kamar dalam bentuk rumah panggung kayu yg sifatnya individual jd sgt cocok utk kondisi pandemi saat ini. Tmpt ini cocok utk penyuka alam dan ketenangan. View sawah dari kamar sgt menenangkan. Mkn pagi disediakan dikamar masing2 dgn menu nasi ayam bakar. Lokasi dekat dgn tempat rafting di batu. Ini bisa jd tmpt pilihan utk keluarga/org yg suka ketenangan dan alam tapi utk yg mengharapkan kamar dgn fasilitas hotel prima (mis tv cable, kulkas,hairdryer, fasilitas kamar hotel bintang spt lainnya sebaiknya tdk menginap dsni). Fasilitas penting lain spt tv,wifi,air panas tetap tersedia. Terima kasih taman dolan atas pengalaman menginap di tmpt spt ini. We enjoy it 🙂"
Bagus Ubaidillah,5,4 tahun lalu,"Bagus tempatnya hanya saja masih ada beberapa bangunan yg lagi renovasi, makanannya enak, view nya cakep banget... Banyakin dolanan apalagi dolanan jaman dlu, biar anak jg tau asyik nya dolanan... Over all RECOMENDED BANGET"
Saskia Dafra Miranda,4,2 tahun lalu,"Saya kesini mendadak aja krn di ajak sm teman utk makan siang disini sekalian berenang. Parkiran nya sempit. Pelayan nya luama sekali. Saya pesan makanan jam set 12. Jam 1 lbh br diantar. Itu pun hrs di tanya berulang kali. Sdh gt di meja tdk di sedikan tisu,tusuk gigi,atau apalah itu. Hrs minta dulu baru di antar. Kolam renang nya lumayan bersih sih. Ya lumayan buat sekedar makan siang bareng. Tp kalo saya utk balik kesini lg,mikir dua kali kayanya🤣🤣"
Lilis Setyaningsih,3,6 tahun lalu,"Taman Dolan..wisata alam dg pandangan hijau. Menurut saya, krg bagus sih pemandangannya. Ada 3 kolam renang, flying fox dan dolanan anak...
Udara sejuk, dingin... area outbond...
Kamar mandi 4. Musholla di rmh kayu...
Hrg tiket masuk...hh maaf g tau. Krn rombongan..."
Ibrohim yasin,5,4 tahun lalu,"Lokasi yang sangat cocok bagi pecinta Alam, nuansa pedesaan kental bgt, utk usia tua kurang cocok, karena jalan naik turun, kurang cocok bagi Kaum Disabilitas / difable"
Agus Supriyono,5,setahun lalu,"Lokasi dekat dengat exit tol, suasana sangat nyaman dan alami, recommended buat liburan bersama anak-anak. Ada welcome drink, wahana bermain anak dengan nuansa alami, ada kolam renang dewasa dan anak, restoran dengan harga terjangkau dan rasa yang enak."
Tyas Kurniawan,5,6 tahun lalu,"Impian bisa kesini dari tahun 2017 akhirnya diwujudkan suami di hari ultah q 25 Agustus kemarin. tiba jam 12an siang tp udara ttep dingin lho... bisa makan & menikmati suasana disini tanpa menginap. makanannya lumayan enak & terjangkau, pelayanan oke. cocok u/ sgala usia. lokasi strategis sih asal perhatikan bener2 Plakat tulisan TAMAN DOLAN takutnya keblabasan."
Ika Candra,4,7 tahun lalu,"Taman dolan memiliki home stay bernuansa  ""omah ndeso jaman doeloe"". menyuguhi pemandangan asri dan alami. ada banyak fasilitas disediakan, seperti: kolam renang, resto, outbond, parking area, sawah, mushola, play ground, etc."
Maureen nAaZ,5,4 tahun lalu,Tempat nyaman sekali buat anak2 berenang. Ndak terlalu ramai jadi bisa menikmati suasana. Makanan enak dan harga terjangkau
Titi Setya,5,Diedit 7 tahun lalu,"Tempat yg cukup nyaman ..bagus utk foto2 ..ada kolam renangnya, jg di sediakan tmpt utk out bond..bisa ngajak keluarga atau rombongan .."
Cahyannisa Andriasih,5,6 tahun lalu,"Homestay dengan konsep keindahan alam pedesaan alami. Aksesnya mudah, parkiran luas, sejauh mata memandang saat memasuki parkiran adalah areal persawahan dan perkebunan. Terlihat view gunung Kawi. Pelayanannya bagus & ramah. Saya reserv tipe lumbung, kamar mandi luar, bersih, air mengalir segar. Cuma perlu diperhatikan mungkin ditambahkan kamper untuk toilet supaya gak bau 'pesing'. Atau mungkin ditambahkan tulisan supaya pengunjung yang menggunakan kamar mandi luar tsb menyiram toilet sampai bersih. Makanan nya enak, Harga Worth it! View bagus, setiap sudut banyak spot foto bagus. Aku belum coba paket jelajah air terjun sama river tubing, mungkin lain kali kalau kesana lagi. InsyaAllah.. ^_^

View 4/5
Food 4/5
Service 4/5"
yuni panara,4,7 tahun lalu,"Bagus untuk tempat hiburan keluarga, pemandangannya bagus, kolamnya banyak, makanannya juga lumayan murah dan sangat enak, tempat pinggir jalan jadi mudah di cari"
Fika Kanita,5,6 tahun lalu,"Pelayanan ramah, makanannya enak, pemandangannya bagus. Taman dolan ini menyediakan homestay juga. Jd di depan hanya untuk restoran dan bagian belakang untuk homestay (tapi saya pesennya si belakang hanya untuk makan boleh kok)"
Dhany Purwanto,5,5 tahun lalu,"Puas dan nyaman... Itulah kata yang pantas untuk mengungkapkan perasaan ketika berada ditempat ini. Udara yang sejuk dan panorama indah menambah suasana hati menjadi lebih baik seakan dapat melepas semua penat dan lelah selama kita beraktifitas. Spot yang disediakan, aneka permainan warisan nenek moyang, dan tempat parkir yang luas menambah daya tarik tempat ini. Maka tidak ada salahnya jika kalian berada di kawasan kota batu memasukkan tempat ini kedalam salah satu tempat yang harus kalian singgahi karena ditempat ini anda akan merasakan berada dijaman anda kecil dulu..."
Sekar Kinasih,5,3 minggu lalu,"Dulu pas taun 2018 kesini. Semuanya lengkap, petugasnya ramah banget dan murah! Aku kapan kapan mau kesini huhu"
Yudhistira Wirapraja,5,2 tahun lalu,"Tempat menginap, aktivitas outbound dg suasana pedesaan. Staf ramah dan sangat membantu"
Edwinda Mahendra,4,6 tahun lalu,"tempatnya nyaman, alami dan terkesan pedesaan banget..sawah2..kebun mawar dan jambu juga dilengkapi rumah2 kayu dan cafe ala2 desa..keren"
lia farhana,3,8 tahun lalu,"Lumayan lah,, pemandian nya unt anak2 aman. Tiket masuk jg relatif murah cuma 10rb"
Aldila Ningtyas,4,6 tahun lalu,"Homestay yang lumayan lengkap, ada resto dan kolam renang serta mainan tradisional. Konsepnya jawa tradisional, dan bersih dengan view persawahan yang asri. Harga affordable dengan rasa makanan yang enak"
Tita Puspita,5,6 tahun lalu,"view dan hotel yg bagus dengan pemandangan nuansa alam dan pedesaan. untuk makannya tolong lebih bervariasi dan rasa jangan manis2. saya makan ayam bakar tapi rasanya manis banget, kamar sesuai pilihan saya. terimakasih taman dolan homestay"
Nur Azizah,3,3 tahun lalu,"Kamar standar 2 bed : gak sesuai dg foto, beda banget, tidak ada lemari pakaian, tidak ada heater, gula, kopi, teh, cm ada air mineral botol saja
Order makanan lamaaaa benget, 1 jam masih blm d kirim, sampe berkali2 tlp
Untuk sarapan oke lah
Kamar mandi ada water heater
Ada kolam renang jg
Cukup mahal dg fasilitas yg apaadanya
Gak mau kesini lagi."
Babu Meng,5,5 tahun lalu,"Enak sih buat liburan keluarga, cuma ya makanannya emang lebih pricy ya biasalah ya di tempat rekreasi emang gitu😬 …"
Ima Ahza,4,setahun lalu,Air kolam renang tanpa caporit asli dari sumber langsung serta ada menu makan yg cukup enak
Rahma Channel,5,11 bulan lalu,"Taman Dolan KUEREEENNN POL WES!!!
Anak2 happy dan memiliki pengalaman bermakna. Makanan yang disediakan juga enak2 parasmanan lagi, anak2 bisa puas mengambil karna emang sebanyak itu. Kakak2 nya juga seru2 pol. POKOKNYA SIPP MANTAFF. TAMAN DOLAN.... ISTIMEWA
#SDNSEMAMBUNG1GEDANGANSIDOARJO"
Lia Retasya,4,4 tahun lalu,"Kita berkunjung hari Minggu, dengan tiket masuk 15rb/orang. Ada paket komplit untuk keluarga ..  kami memilih yg paling murah, mulai dari harga 174rb .. sudah termasuk tiket masuk (kami tadi 5 orang), Nasi putih sebakul, ayam Ingkung (bakar/goreng), sambal bawang dan 5 minuman."
Satria Bagus Pratama,5,7 tahun lalu,"Menurut saya bagus banget, harganya relatif murah menurut saya ditambah lagi dengan pemandangan yang bagus, makanan enak, dan pelayanan yang ramah mantap dah kagak nyesel buat kesini. Rekomendasi banget dah ini tempat"
Veemala,5,2 tahun lalu,"Asri, terasa suasana pedesaan. Menyatu dengan alam.. menu masakannya enak"
Cholifatul Jannah Febria,5,6 tahun lalu,"Acara Jambore Relawan Literasi dan Kemanusiaan Sekolah Raya pada tanggal 15-17 Januari 2019 dilaksanakan di Taman Dolan, Pandan Rejo, Kota Batu. Jambore ini dilaksanakan untuk bagaimana merayakan Indonesia dengan menjadi seorang relawan. Sungguh banyak hal, cerita dan pengalaman yang berharga didapat dari pertemuan ini."
Andhika F,5,Diedit 5 tahun lalu,"Tempat yg pas untuk acara outbound dan kekeluargaan,.
Makan bersama, tertawa lepas bersama dan bersenang senang. Trainer outbound sangat profesional dan menyenangkan..
Recommended buat havefun..."
Wahyu Tri,5,setahun lalu,"Tempatnya nyaman. lokasinya juga deket alun"" batu. betah bnget anak"" disini. next klo ke batu pasti ksini lagi.."
choirul anam,5,Diedit 6 tahun lalu,"-ada tempat yg kurang perhatian yg perlu penyegaran..
-suasana seperti dipedesaan ditunjang adanya persawahan..
-tempat menginap unik dengan bale-bale yang bikin nyaman..."
dewi sri,5,2 tahun lalu,"Cocok buat refreshing sekaligus healing. Feel pedesaan dapet banget. Tapi butuh stamina lebih deh ya, buat menjelajahi seluruh taman dolan ini"
Theresia Andriani,5,6 tahun lalu,Nuansanya alami..pedesaan...yg kangen sama nuansa pedesaan bisa langsung datang kesini..tempatnya lumayan...tmpt outbond n educakasi..restoran dengan makanan tradisional htpnya murah n makanannya juga terjangkau harganya
aminah tour,5,2 tahun lalu,tempat plesir ternyaman terindah menyatu dg alam pegawainya ramah sopan dan pastinya ownernya muslim
Nana Thinaken,3,6 bulan lalu,"Paket untuk anak outing terlalu mahal, dan masuk hari biasa harga masuk seperti wekend, kurang nya arahan masa  sepatu untuk sekolah buat main air tidak disuruh ganti dulu,"
Mochammad Syaifudin Maulana,5,Diedit 7 tahun lalu,"Taman Dolan adalah tempat OutBound yang terletak di daerah Kota Wisata Batu, disana menyediakan permainan tradisional, terdapat juga permainan ninja warior kids, dan juga kolam renang"
Maya Sari,5,2 tahun lalu,"Untuk liburan bersama keluarga cocok karena ada kolam renangnya, makanan juga enak"
Nurdin Fatoni,5,5 tahun lalu,"SuasanaNya Enak....terasa ndesonya,suara jangkrik dikala malam hari sampai ada hewan hewan kecil alias serangga berdatangan 😀 …"
Dwi Andra,4,4 tahun lalu,"Tempat wisata murah meriah. Lumayan buat anak2 bisa berenang, ada penginapan jg kalo mau nginap. Tempat nya bersih dan masih asri, suasana sejuk kota batu."
iswahyuni yuyun,5,6 tahun lalu,"Tempat wisata lengkap dan terjangkau, kita bisa nginap juga disini....trus jangan lewatkan river tubing yg murah meriah"
Mahardika Kurnia Dewantara,3,3 tahun lalu,"River tubingnya jauh dari ekspektasi. Ekspektasinya sungai nya bersih besar dan berarus deras. Tapi ternyata ya gitu lah.. Tapi tetap fun kok. Cuman mungkin perlu ditingkatkan saja atau diperpanjang jarak tubingnya.
Untuk kolamnya ya OK lah ya..
Untuk design hotelnya Ok sih.
Makanannya normal."
Y Budiman,1,3 tahun lalu,"Tempat penginapan yg membuat kecewa . Pdhl sdh reservasi utk river tubing jauh sebelumnya . Eeh pas hari H gak bs krn dbilangnya kita gak bayar DP sblmnya .  Laah mana kita tau klo hrs ad DP, mereka tdk menjelaskan k kita hrs ad DP, ya kita hanya DP utk penginapan saja,jadinya kita nginep di taman dolan gak ngapa2in, cm mandi d kolam, barbequean ya kecewa, mau petik2 jg gak bs krn gak ad guide yg stay d lokasi, aneh, barbequean aja 50k/org eeh gak dpt minum, emg kita dsuruh minum air kolam kakak?coba ada rating -5 q kasih -5 aja .."
Santi Ismail,5,sebulan lalu,Suasananya syahdu banget
Raditya Pratama,1,4 tahun lalu,"pelayanan nol besar. sayang sekali untuk lingkungan yg alami dan bagus spt ini tidak terlalu dikelola dengan baik. utk restoran pun begitu, mau pesan susahnya setengah mati krn tidak ada waiter yg standby di bawah. jd pengunjung harus naik keatas utk memesan. pdhl jalannya cukup jauh. pesanan juga banyak yg salah. padahal utk rasa makananya juga tidak terlalu buruk. namun pelayanannya luar biasaaaa."
Achi Leon,5,6 tahun lalu,"Tempat menginap yang cocok untuk penyuka pemandangan alam dan suasana pedesaan.Karena ditaman dolan dapat kita nikmati suasana itu, suara gemericik air yang melewati sela sela sawah yang hijau ....hmmm sepanjang mata memandang serba hijau dedaunan dan gunung-gunung yang nampak begitu dekat dengan kita.Yang suka tracking disana kita bisa menikmati coban lanang,juga yang ingin berbasah basah di sungai kita juga bisa kintir dengan menggunakan ban.Tentunya ada guide yang akan menemani kita.Menyenangkan kok."
Tantyminam,5,6 tahun lalu,"Tiket masuk cukup murah, suasananya sangat menenangkan. Sangat cocok mengajak anak-anak liburan disini. Selain karena ada kolam renangnya, Taman Dolan juga memiliki penginapan yang disewakan, sehingga cocok bagi pengunjung yang berasal dari luar kota dan tidak ingin pindah-pindah tempat dengan lokasi rekreasi. Banyak pepohonan dan ada gubuk-gubuk untuk duduk sembari menikmati hidangan resto yang ada"
Khoirul anam,4,5 tahun lalu,"Fasilitas cukup ,tempat ibadahnya juga ada,makanannya juga gak kalah sama hotel bintang 10"
Sri Rahayu,5,5 bulan lalu,"Karena ada acara dari dealer resmi kami, hampir seluruh marketing di sponsori oleh FIF finance dan dealer Fortuna motorindo Surabaya, acara semakin semarak,,,"
Anis Yuans,5,8 tahun lalu,"Wahana bermain cocok buat ank2 dan keluaŕga, pemandangan indah sejuk. Jg d lengkapi permainan  tempo dulu"
Suprapti,5,6 tahun lalu,"Tempatnya asyik buat liburan mengusir penat,buat foto2 juga bagus 👍👍,,
Makanan yg dijualpun rasanya enak 👍👍👍👍 …"
Siu Lie Lie,5,5 tahun lalu,"Memanfaatkan harga promo. Suasana pedesaan yg asri, view sawah dan suara air sungai yg mengalir. Cuaca yg sejuk. Breakfast ala carte ayam bakarnya enak."
Fatimah Chadijah,4,5 tahun lalu,"Bagus tp masih kurang rapi,penginapan mepet sawah buat org tua kurang cocok krn jalan nya naik turun"
AHZA DANISH,5,4 tahun lalu,Sangat rekomendasi sekali buat bermain dan juga makanannya enak.ada cafe nya juga
Patricia Pat,5,5 tahun lalu,"Bagus pemandangannya, cocok buat wisata alam , suasana tenang dan udara sangat segar disini, recomended buat yg suka berjalan2 melihat pemandangan alam."
Lambang Arif,3,6 tahun lalu,Lmyanlah cm mainan prusutanx yg d kolam udah jlek.dan air kolam balitax udah agk kerih.bgusx asri seger.. cm pas baru klar mkan kan udah sore jam 4 an. Qta berasa diusir deh tamu blom pulang aer kolam udah dikuras udah disiram2 in gt jd genangan air dmna2 🙈🙈😑😑 …
Fendi De Oceano,5,8 tahun lalu,Nice untuk anak2 ... pengelolaannya lebih baik lagi yaa.. makanan gak perlu mahal biar banyak pengunjungnya
nur shabrina,5,2 tahun lalu,Berkunjung ke Cafe Suargo. Jalan menuju cafenya cukup jauh tapi seru karena dimanjakan dengan pemandangan yg indah dan asri. Sepertinya belum banyak yg mengenali tempat ini karena saat itu pengunjungnya hanya kami dan satu rombongan yg sepertinya sedang survey. Harga makanan&minuman termasuk sangat murah dengan tempat dan pemandangan yg di dapat. Hanya saja pesanan datang sangat lama.
Dedyd,4,3 tahun lalu,"Bagus sekali seperti alam asli, cuma perlu renovasi beberapa bangunan yg usang, seperti kamar, kolam, cafe, dll. Selebihnya OK banget"
Brad Setiawan86,5,sebulan lalu,"Amanah, bersih sdek² nya dan lokasinya mdh ditemukan serta nyaman lingkungannya"
Rio Budiyono,5,Diedit setahun lalu,"Ada kolam renang dengan banyak pilihan, dengan tema vintage
Varian menu kuliner beragam
Outbond area
View pegunungan sangat menarik"
Mochammad Nasrulloh,3,7 tahun lalu,"Parkirannya masih sempit, kolamnya kecil karena emang mereka nyebutnya waduk."
Aiuholiday Trans Wisata,5,2 tahun lalu,"Tempat nya uniq, asik, alam banget. Istimewa, sejuk saya suka, sangat recomended. Saya sama keluarga ngadain liburan disini, dan berbequan disini, di tepi sawah, waw......kayak pulang kampung saya. Asikkkkk banget pokok nya...yuk ke Batu Malang, saya siap kawal dech 081772863999"
jova,5,6 tahun lalu,Tempatnya bagus bget. Ccok buat lepas penat dr kgiatan kerja. Ad outbond n kolam renang nya. Suasana pedesaan asri n sejuk bget. Top deh
Nia Agustina,5,setahun lalu,"Tempat menginap nyaman, nuansa alam, makanan agak mahal tapi enak porsi juga besar, view keren, kolam renang ada bbrp untuk dewasa dan anak."
ratna kholifatus,5,setahun lalu,"Puas banget disini....masakannya ok,pelayanannya ok.....tempatnya nyaman gak banyak nyanmuk"
Ekklesia Momo,5,5 tahun lalu,Wisata murah airnya bersih seger banget makanannya enaaaaak.. 😁 …
Sri Wiwoho Mudjanarko,4,3 tahun lalu,"Enak tepi jalan, santai, sejuk dan ada kolam renang. Mungkin tempat parkir mobil perlu diperluas"
Dony Radjah,5,4 tahun lalu,"Nyaman untuk liburan sambil kerja
Soto ayam sama sambal kecap nya mantul

Rekomen untuk liburan pokoknya 👍🏼"
sifera kristiana,5,6 tahun lalu,"Tempat nyaman, pedesaan banget.
Hanya sj agak sedikit kecewa. Krn musim holiday malah sebagian kolam renang ada perbaikan."
Pengguna Google,5,2 tahun lalu,"Tmpat yg nyaman untuk bermain anak2, di dukung udara yg sejuk dn suasana yg asri membuat betah berlama2"
Afik Achmad,5,setahun lalu,Tempatnya adem. Enak buat santai bersama keluarga.
Efi NS Official channel,4,7 tahun lalu,"Tempatnya cozy dan cocok buat outbond anak anak, homestay plus resto plus outbond."
Yanto Thermo,5,2 tahun lalu,"Outing class SDN LOWOKWARU 3 Malang. Trima kasih Taman Dolan sudah memberi banyak ilmu tetang alam mengenal lumpur mengenal air sungai dolanan tradisional,  didampingi guide yg ramah dan humbble ,anak2 pulang dengan banyak cerita dan kenangan. Pelayanan yg nice banget ."
Theresia Dyah,4,2 tahun lalu,"Tempat enak,tapi ngga direkomendasikan buat orang tua yaa,karena area naik turunnya tajam."
Wahyu Ika,5,2 tahun lalu,Tempat keren bs belanja selada air walau jalannya naik turun
Adiba Family,5,Diedit 7 tahun lalu,Tempatnya enak untuk acara kumpul keluarga besar. Cocok juga untuk mengajak anak untuk berenang.
R.A. Sista Paramita,5,5 tahun lalu,"Tempat wisata di Batu,  yang menyediakan beragam fasilitas kolam renang,  outbond,  penginapan bentuk cottage,"
Ratna Haryani,5,setahun lalu,Staff nya keren. Makanannya enak. View-nya bagus.
baharuddin alwi,5,setahun lalu,"Suasana nyaman untuk bersantai bersama keluarga atau teman.
Terimakasih atas segala pelayanannya."
Widya Arista Candra,5,5 tahun lalu,"Tempatnya bagus banget..
Recommended..
Asri, makanannya enak, untuk konsep kayak gini sih masih termasuk terjangkau, apalagi untuk ukuran hotel di batu..
Kolam renang e rajin banget dibersihin, airnya langsung dari sumber jadi gak bau kaporit..
Kamarnya nyaman, pelayanan ramah dan cepat..
TOP pokoknya.."
Yuni Asri,5,setahun lalu,Tempat penginapan keluarga yg nyaman dengan view pedesaan
Syaharuddin Umngelo,4,6 tahun lalu,"Alternatif tujuan wisata di kota Batu yang sangat disarankan. Murah meriah, makanan juga banyak pilihan, harga tiket masuk juga terjangkau serta ada penginapan dg nuansa alami."
iis aisyah,4,7 tahun lalu,"taman dolan, disini anak2 bisa berenang sepuasnya ada kolam renang khusus balita,toiletnya cukup bersih,gasebo,tempat makan,pendopo,outbound,mainan tradisional(gak sempat bermain keburu sore)okelah buat keluarga bersantai tempatnya sangat tenang dan nyaman."
rizky kevyn,5,4 tahun lalu,"Baru pertama kesini  pas wktu ppkm.. Jd kolam renangnya msh tutup. Suasana pedesaan bgt.
Lain kali mau nyoba staycation dsni.."
Nani Ismiyanti,4,5 tahun lalu,"Lumayan lah tempatnya,cman masih banyak tempat yg harus diperbaiki kayak nya,pelayan rumah makannya lumayan lama,plus harganya itu ,maaahaaal bingit"
Sikhar Ulni,5,7 tahun lalu,"Tempatnya nyaman,bersih,pelayanan'nya gk di ragukan.untuk harganya jg gk bkin kantong bolong,recomended la pokoknya"
Shanty Febyarti,4,5 tahun lalu,"Tempat edukasi yg bagus utk outbound anak, rasa menu makanan ok meski agak lama keluarnya, customer service excellent"
ervina rahma,5,5 tahun lalu,cocok bangey buat kalian yang suka renang .tiketnya murah dna terjangkau sekaligus startegis banget
Susan Fan,2,4 tahun lalu,"Sebenarnya konsepnya oke, alami dan asri. sayangnya lokasi kolam renang dan restoran tidak terpisah sehingga kalau kolam sedang ramai memang sedikit terganggu. Untuk yang bawa orang tua mungkin bisa jadi pertimbangan karena untuk menuju ke resto nya harus berjalan ke bawah agak jauh dengan banyak tangga. Mungkin bisa reservasi sebelumnya untuk bisa dapat lokasi agak di atas. Makanan standard dan agak overpriced"
Nugraha Setiawan,5,Diedit 5 tahun lalu,"Recommended banget.
Cocok buat yang suka suasana alam.
Menu makanannya enak. Pas sekali porsinya."
Tasyia Dev,5,5 tahun lalu,"Bagus banget, kolam renang nya dingin seger buat ngilangin stres, ada resort nya, ada juga cave nya lengkap polll😀 …"
era ajeng,5,Diedit 6 tahun lalu,"Tempatnya bersih & bagus ,  harga makanan terjangkau, kolam renangnya bagus bgt natural gt konsepnya..."
Bang O'cun,1,3 tahun lalu,Kecewa karena samping kamar ada pembakaran lahan dan asap masuk kamar. Padahal saya bawa anak kecil dan istri yang hamil.
dhebys suryani,5,6 tahun lalu,"Taman dolan adalah salah satu wisata edukasi d batu,bisa untuk outbond anak dan dewasa.cocok juga untuk wisata kelurga"
silvia nauliand,5,6 tahun lalu,Harga terjangkau. Pemandangan bagus.. pelayanan nya apalagi kerennn jam 12 malam saya kelaparan seharusnya mereka tdk bisa order .. di coba cari tmpt lain gofood  tdk terima alhasil dapur penginapan ini bersedia buatkan nasi goreng untuk saya.. good lah pokoknya😁😊😊😊😊 …
Fajarwati Nurjadidah,5,6 tahun lalu,"tempat makan sekaligus tempat hiburan keluarga yang menyediakan tempat renang, untuk anak-anak maupun dewasa. suasana asri di pinggir sawah, sambil menikmati hidangan makanan yang lezat, dan yang pasti ramah di kantong"
Tri Yanto,4,4 tahun lalu,Penginapan yang pas buat sekedar mampir menghilangkan penat saat lg jalan2 ke Batu. Vasilitas kamar penginapan perlu ditingkatkan
Sudiyo Bin Darum,4,4 tahun lalu,"Benar penginapan didesain kembali kealam..
Masih fresh desa bahkan sebelah kamar terdengar gemercik air mengalir dari sungai
Desain kamar juga juga menyesuaikan kondisi desa waktu dulu
Saran
Tolilet kurang luas dan perabot minimalis
Air menetes bukan mengalir
Air panas sangat minim"
Cheppy Juwita,5,3 tahun lalu,"Menu yg kita pesen lalapan,, lucu banget piring sama tremosnya,, vintage2 gitulah,, view juga mayan bagus.."
Nigi,4,10 bulan lalu,"Tempatnya oke banget buat acara outbond
Hanya saja harus hati² ya kl ajak anak kecil kesini..tangga curam dan jalan agak sempit..
Ada satu yg bisa sy sarankan. Apabila ada yg reservasi utk outbond harusnya dipilihkan tempat aja.
Kmrn sy dan rombongan disuruh pindah ke tempat lain saat di tengah² acara sm salah satu petugas. Alasannya di tempat yg kami tempati ada colokannya. Dan kami diminta pindah yg gak ada colokannya padahal jelas² kami butuh colokan krn bawa speaker. Lalu dengan seenaknya bilang kami hanya reservasi utk makan aja tanpa sewa tempat outbond. Setelah konfirmasi sana sini dan agak sedikit debat akhirnya kami gak jadi diminta pindah.
Tau apa akibatnya? Itu merusak keseruan permainan kami. Lagi enak² maen tiba² didatangi 3 petugas.
Saran sy:
1. Semua orang yg sewa tempat outbond pasti butuh banget colokan jadi tolonglah dilengkapi semua dengan colokan. Bukannya meminta pelanggan untuk pindah di tengah acara.
2. Pilihkan saja tempat outbondnya biar gak rebutan atau cari sana sini. Dengan catatan fasilitasnya sama di setiap tempat. Dengan begitu kejadian kyk gitu gak akan pernah terjadi.
Tapi overall is well. Makanan enak pol. Semua cocok bahkan ada yg nambah².
Pertahankan ya pelayanan yg baiknya dan diperbaiki yg kurang.
Laris terus, Taman Dolan.."
Edi Sutrisno,5,5 tahun lalu,"asik, nyaman dan ekonomis, cocok untuk romobongan anak sekolah atau pun keluarga, bisa outbond jg"
Suryani SH,4,6 tahun lalu,Suasana pedesaan.. Hijau banyak daun daunnya.. Ada bale bale buat duduk istirahat  ..pemandangan alam banget.. Ada sawah gunung dan suara gemercik air.. Nyaman deh..
Pratiwi galuh putri,5,5 tahun lalu,"view pedesaan bgt, alami, kamar juga lumayan, makanan enak
harga nya dari 350-800"
Ahmad Naholi,5,5 tahun lalu,Suasana bagus bagi yg senang pemamdangan pedesaan....pelayanan ramah2...recomend
Aan Marzuki,4,4 tahun lalu,"Wisata alam yang terletak di batu, ada banyak fasilitas, seperti resort harga mulai sekitar 300k/night include breakfast, river tube dan lain lain. Lokasi mudah ditemukan karena di pinggir jalan raya. Security nya ramah dan helpfull banget"
Farah Diba,5,2 tahun lalu,"Pelayanannya ramah,tempatnya maa saya Allah nyaman banget,suasana pedesaan nya dapet banget,saya suami & anak anak suka sekali😍😍"
noel chanel,5,7 tahun lalu,"Cocok untuk anak anak TK dan SD, banyak outbond yg di sediakan dan kolam renang anak"
diana shafa15,2,7 bulan lalu,"Biasa aja, g jelas..."
Robbany Illiyin (Bunny),4,7 tahun lalu,"Enak bgt sebelah kolam renangnya langsung ngadep sawah, pemandangan yg ga bisa di dapet di surabaya hehehee
Kalo beli paket makannya, kita udah free entry buat 5 orang yah. Kl emang peserta lbh dr 5 orang ya kena biaya tambahan per orang 10rb (saya ksni tgl 25/8/18)
Pssstt, ayam ingkung bakarnya endulll sarendull loh"
widhijanto kusuma,5,2 tahun lalu,Cocok untuk tinggal bersama keluarga. Anak anak bisa bermain sengan alam. Recomended
Rennita Sandy,4,8 tahun lalu,Salah satu obyek wisata di kota Batu yg layak dikunjungi.. Tempatnya nyaman..  Makanan murah..  Harga tiket masuk cm 10rb.  Terjangkau utk smua kalangan.. Cm 1 aja kekurangannya lahan parkir yg relatif sempit
Made Agus,5,setahun lalu,"Asri banget d sini,, pemandangan sawah pas d depan kamar,,"
Aktivitas EdoMitaGita,4,6 tahun lalu,"Menginap di sini semalam, bisa menikmati suasana alam pedesaan. Ada kolam renang dari sumber air alami. So fresh. Pemandangannya juga cantik dengan pegunungan dan sawah terasiring."
Putri Baina Rahma,5,5 tahun lalu,"View nya ciamik, cocok buat mencari ketenangan ditengah rutinitas
Arena bermain tradisional cukup luas
Bisa untuk menghabiskan akhir pekan bersama keluarga"
FARID WAJDI,4,7 tahun lalu,"Ada kolam renang juga ada pemandangan yg indah, ada penginapan. Kalau mau nginap, ada juga tempat outbond tapi saya outbond ya kurang dirawat ada yang rusak"
Nur Hidayat,3,6 bulan lalu,Pesan makan disini dari jam 9. Sampe jam 10 belum datang juga. Not recommended
nur wijayanto,4,6 tahun lalu,Tempat sih ok. Yg seru itu outbond (untuk anak2)
Putri Indah,5,2 tahun lalu,"suasana nyaman , sejuk , seperti d pedesaan"
Isna Zulfa,5,6 tahun lalu,"Pemandangan alam dipadu suasana asri pedesaan beserta ramahnya petugas disini, membuat taman ini begitu istimewa.. Bisa menginap dengan pilihan ruang yg semuanya berkesan."
Daniel Arian,3,7 tahun lalu,"Makanan nya kurang mantap, buat keluarga okey aja. Nasi nya seharusnya di wakul agar lebih tradisional. Tersedia outbond ground dan guest house"
Cindy Harwindi Chrismonita,3,11 bulan lalu,"beberapa bulan lalu nginep disini hari biasa. bayangin ga ada yang booking ,cuma aku dan suami sendiri berasa tinggal dirumah horror😂
pas balik ngafe pulang agak malam merinding karena sepi dan gelap.
lalu istirahat tiba2 terbangun karena tv tiba2 channel horor😂 makin ga bisa tidur. suami jadinya begadang sampek pagi katanya tv nya pindah chanel sendiri😂 kalau kapok sih enggak ya, kalau kesitu weekend aja ga berani hari biasa karena penakut🥶."
Mey Wahyuni,5,7 tahun lalu,"Tempat rekreasi yg murah meriah, tiket masuk 10k/org dan parkir 2k
Fasilitas disini ada cafe, kolam renang anak dan dewasa, outbound, penginapan, Gasebo untuk acara-acara ( seminar, ultah, reuni dll )
Cuma kolam untuk dewasa kurang besar, tapi gpp karena memang msh tahap pembangunan, udaranya sejuk enak buat nyantai-nyantai. Boleh di coba guys."
anggara jaya wardhana,5,7 tahun lalu,"tempat wisata bernuansa alam,menggunakan air sumber untuk air kolamnya,segeer...."
Kasandra Original,2,11 bulan lalu,"Qt ber 5 ke tmn dolan utk membunuh wkt sambil nunggu wkt check in du Batu Paradise yg tertera di invoice jam 15.00. Dtg kesini hny utk renang, stlh bayar utk 4 dewasa dan 1 balita plus ppn ...ternyata kolamnya kuotooorrr paraahh. Akhirnya qt kluar n minta uang dikembalikan lalu qt cabut langsung ke BP. Smg lbh diperhatikan kebersihan kolam renang, & ketinggian kolam hny layak utk anak2."
doddy tatag,3,6 tahun lalu,"Suasana enak, utk outbond jg enak sayang tempatnya agak suram keliatannya kurang nyaman"
Laili Kurniawati,5,Diedit 7 tahun lalu,Nice place suasana pedesaan lengkap fasilitas dan harga yang bagus
"Akhmad Irsyad Izar Habibi, S S",5,4 tahun lalu,"Tempat Weekend paling favorit,nuansa alam dengan acara outbond makin manthab....
Thanks Masakan sama games Outbondnya seru banget... Momentum PT Mazta Farma Outbond di lokasi Taman Ndolan"
parka dinar,5,6 bulan lalu,Keren banget dan hawanya segar
Hardi lombok Tour Travel,5,6 tahun lalu,"Rasakan sensasi dan suasana yang begitu sejuk dengan di hiasi pemandangan yang hijau
Desa wisata taman dolan, pandan Rejo Batu Malang."
dhimas pramudyo,5,5 tahun lalu,Resort keluarga yg terjangkau dan memiliki konsep yg dekat dengan alam
Shirley Megawati,4,5 tahun lalu,Suasana pedesaan... Rumah dr kayu... Masih alami.... Breakfast sederhana makanan khas indonesia tp rasanya enak
Bi Chan and her amazing world,2,10 bulan lalu,"Kotor, tidak terawat, mainannya bapuk semua, kolam renang kotor entah kapan terakhir kali dikuras, cuma betah 10 menit disini langsung cari obyek wisata alam lain."
rizky ayu,5,7 tahun lalu,"Sukaa bgt renang disini.. Apalagi berangkat pagi dr rumah jd lbh tenang dan sepi.. Airnya sejuk segar, ada banyak fasilitasnya jugaa"
Nanang S,5,2 tahun lalu,"Tempat yg asyik untuk outbond bersama teman maupun keluarga dengan dipandu instruktur yg ramah, hawa sejuk khas kota Batu dan lokasi pinggir jalan karangploso arah selecta."
Eko Apriadi,5,3 bulan lalu,"Nyaman,'cocok untuk liburan keluarga salam dari lampung"
Prasetyo Sptiawan,5,5 tahun lalu,"Penginapan yg sangat nyaman,cocok untuk menikmati hidup."
Jaka Iqbal Sagita,5,setahun lalu,"Tempat nyaman banget, dilengkapi kolam renang untuk anak""dan dewasa"
rey Nand,4,7 tahun lalu,Tempatnya nyaman murah ada vila ada resto ada kolam renang kekurangannya mungkin kurang luas
Sa If,4,3 tahun lalu,Yaa lumayan. Meskipun customer service nya lambat. Di telpon nggak diangkat sama sekali. Tempatnya luas bersih nyaman.
Yoga Sanyoto,4,5 tahun lalu,"Kolam renang dari sumber Mata aer pedesaan, Sayang kebersihan sampah kurang maksimal"
Pandu Wiguna,4,Diedit 3 tahun lalu,Tempat yang lumayan bagus untuk liburan cari ketenangan. Jangan terlalu berharap banyak dengan fasilitasnya.
Atiqotun Niswah,5,2 tahun lalu,"Ada kolam, penginapan, gubug buat Leyeh-leyeh juga ada. Luas areanya, tapi berkelok dan berundak jdi perlu hati-hati."
UDIN,5,5 tahun lalu,"Tempatny sangat nyaman buat bermain dan istrht, kurang kolam pancing dan semoga bisa terwujud amien
Karyawan dan karyawatiny ramah# pengen kesana lagi ngajak liburan keluarga"
Endah Desi Ariana,5,4 tahun lalu,"Tempatnya sejuk, seger, adem, cm kmren pas kesana hujan dan angin lumayan kenceng."
Djohansyah Leatemia,5,7 tahun lalu,Bagus.... Lumayan... Cuma tempat nya agak kecil kalau pas ramai agak susah cari tempat santai di pinggir kolam renang.... Suasana nya mantap
Sany Bhazten,4,6 tahun lalu,Bagus untuk outbond suasana pedesaanx dpt sekali
marisca benedicta,5,7 tahun lalu,"tempat yg bagus dan tepat untuk out bond anak"" 👍👍,, seneng banget di Taman Dolan 😊😊😍😍 …"
Dedy F.Kurnain,5,2 tahun lalu,Taman bermain dan kolam renang bisa difungsikan lagi ya
Montes Universe,2,6 tahun lalu,"Kecewa bgt dg kualitas makanannya..
Gurami nya banges alias udah relatif berasa busuk tetep aja di sajikan, mahal mahal jadi gak kemakan...
Kopi dan es teh aja jg mahal 10k, ati ampela disajikan tp empedu tidak dibuang, pait bosss empedu itu gmn koki nya ini..

Mushola kurang di pergatikan kualitasnya jg"
nuretha purwaningtyas,4,8 tahun lalu,Sekedar melepaskan penat dengan bermain dan berenang bersama anak-anak... cukup nyaman lah yaa... mau nge-dongkrong lunch and ngopi juga scene nya lumayan... hawanya sejuk pula
Dhewi Aris,4,4 tahun lalu,"Tempat pemandian yg masih menyuguhkan kesegaran air asli sumber yg pastinya segar , tempatnya juga
Enak untk bersantai bersama keluarga"
Iis Aisyah,4,7 tahun lalu,"tempatnya nyaman gak begitu ramai,jadinya tenang,banyak tanaman seger,kamarmandinya bersih,kolam renanngnya juga bersih,yang penting anak2 suka"
siti rahayu,5,setahun lalu,Sangat menyenangkan bisa bekerjasama dg taman dolan untuk kegiatan OUTDOOR LEARNINGbagi siswa kami kelas 1-5 pelayanan memuaskan dgn sgala fasilitas yg mendukung. Untuk lunch jg ramah di perut. Thanks Taman Dolan
joelis setijowati,5,5 tahun lalu,Tempat yang asyik dan menyenangkan untuk berinteraksi dengan alam bermain di sungai bersama
Novi Eka Sulistiawati,5,setahun lalu,Ke taman dolan mengantar siswa-siswi kami outbond
Rudy Setyawan,5,2 tahun lalu,"Taman dolan... tematik jawa kuno.. bangunan dua lantai dengan barak kasur, cocok buat grup /rombongan 15 orang.. plus sarapan. Suasana nyaman..."
Fauzi Sabul,5,6 tahun lalu,Tempatnya bagus... Harga kolam renang terjangkau makanannya enak
Siti Rochimah,5,Diedit 8 bulan lalu,Outbondnya seru sekali. Tidak ada waktu untuk bosan
Ridlo Nasrul,5,7 tahun lalu,Suasana wisata yang asri. Cocok utk menenangkan diri dan refreshing
Linda,5,7 tahun lalu,"Camping ground,,
Quality time family
Villa keluarga
Taman bermain anak
Milan renang
Outbound"
Agus Irwan,4,7 tahun lalu,Suasananya bagus.. Pelayanannya Ramah.. Tempatnya enak.. Parkirnya kurang memadai.. Over all. Okelah..
Achmad Helmi,5,2 tahun lalu,"Tempat yang menyenangkan, cocok untuk rekreasi, outbond, staycation dan yang paling penting stafnya ramah tamah dan humble"
Mirza Tamma,5,6 tahun lalu,"Seru outbound nya...
Mkanan enak bnget harga terjangkau
Penginapan yg sangat berbeda dr pnginaan2 lain dgn tema yg pyur alam dan pemandangan yang sangat natural dan menyatu dgn alam.....keren wajib coba"
Ayah Yazid,5,3 tahun lalu,"Suara aliran sungai bikin tidur nyenyak.
Bersih, unik, antik, pemandangan indah"
diah apriliana,4,6 tahun lalu,"View sawah, menyegarkan mata hati dan pikiran, fresh udaranya"
Boedie Tok,4,5 tahun lalu,"Kapan2 mau ke tempat ini lagi, suasana suantai....udara sejuk...."
Jenk Ree,5,setahun lalu,"View ya keren ,asik buat kumpul teman ,atopun keluarga"
Daffa Adipratama,5,7 tahun lalu,Tempatnya sangat bagus cocok untuk penginapan sama teman-teman
ud1N,5,3 tahun lalu,"Tempatnya nyaman & sejuk, makanannya lumayan lahhh. Klo kesini lbh baik jgn pas long weekend."
Fitria Muji Lestari,5,6 tahun lalu,"Suip pokoknya, untuk river stubing bagus untuk latihan uji nyali PAUD"
Wahyu,5,4 tahun lalu,"Masakan enak, harga relatif murah, tempat mantul
Rekomended, besok2 kesini lagi"
Hasna Hanan,4,2 tahun lalu,Kurang suka sama tata letak kolam renang nya 😁 selain itu gak ada masalah 👍👍👍
Bukhori channel,5,4 tahun lalu,"Cocok buat wisata keluarga, masakannya lumayan enak, mantap pokoknya."
Zainul nul,1,setahun lalu,"Maaf saya kasih bintang 1 karena saya melihat banyak hewan contohnya musang yg dipelihara sampai kelaparan dan kehausan karena tidak dikasih makan dan minum, setidaknya kalau memang tidak ada petugas yang mau merawat mending dilepaskan dan tidak usah ada taman edukasi hewan, jadi tolong manajemennya diperbaiki lagi"
tanti wahyuni,1,setahun lalu,"Maaf saya kasih bintang satu. ini resto pelayanan terburuk yg saya jumpai.. nunggu makanan 1,5 jam minum pun tidak dikeluarkan dulu.. nunggu marah2 pas di sajikan ternyata masih dingin ayam nya seperti keluar dari frezer
Kalau ndak siap terima order ya harus nya close order dulu.. di cancel pun tidak bisa"
Fathurochman -,5,setahun lalu,recomended... buat ngopi degan view alam
Anindra 12ra07t5,2,10 bulan lalu,"Kurang bersih baik area kolam campur popmie,kamar mandi kotor,mushola kotor,ruang bilas lubang dan banyak kotoran..saran jaga kebersihan ya kak..sayang sekali.."
Is Ti,5,4 bulan lalu,Cocok untuk anak karena tempatnya benar benar sangat asri
Ellyza Prihatini,5,7 tahun lalu,Serasa hidup didesa...suasananya enak cmn pas kbtulam lagi gk hujan jdi agak panas...
Moch Irfan,3,8 tahun lalu,Tempat bagus... Pelayanan kurang..pengen makan gk ada yg nawarin... Next ditunggu perkembangannya
Ryan Rianto,5,5 tahun lalu,Tempat menginap dan refresing yg sejuk dan asri.....
Arif Wibowo,4,5 tahun lalu,Tempat penginapan bernuansa pedesaan sekaligus sebagai tempat outbond
Aminah Haneman,5,4 tahun lalu,Tempat plesir syariah bersama keluarga yg betul2 nikmat makan depan area tanam selada air
eko jodi,5,4 tahun lalu,suasana paling enak buat refresh otak.
Ahnaf Farel,1,setahun lalu,"Mas atau mbak yang bertugas, minta tolong merawat kucing yang ada di atas musholla, kasihan mas atau mbak dia kedinginan sampai saya tadi ke kucing tersebut, saya mau kasih foto kucing nya tapi ngga bisa di taruh di postingan
Jadi saya minta tolong merawat kucing tersebut sampai dewasa
Mohon peduli juga terhadap mahkluk hidup🙏
terima kasih 🙏"
Restu Afifyanto,1,10 bulan lalu,sudah tau properti yg dibawa anak anak ada membawa sepatu sandal...malah ga ditanyakan...malah pake sepatu disuruh langsung turun ke air dengan pake sepatu
Tontowi Jauhari,3,2 tahun lalu,"Kalo utk tempat, persis di daerah persawahan, alami
Wifi kuat, TV sudah Android,

Tetapi ada beberapa hal yang perlu diperhatikan
1. Lokasi registrasi, jauh dengan parkiran mobil. Jadi setelah registrasi, masih harus naik mobil ke belakang utk bisa akses parkiran mobil. Tidak one stop sistem
2. Air panasnya tidak konsisten. Bisa tiba2 dingin, bisa tiba2 sangat panas, hal ini karena pemanas di kamar mandi menggunakan GAS, bukan LISTRIK.
3. Kurang Meja di dalam kamar
4. Pesanan makan malam tidak sesuai dengan yang dipesan/ tidak sesuai antara yg kami pesan dengan yang dihidangkan/ dikirim
5. Kehabisan menu makanan waktu sarapan. Dan koki sarapan tidak memasak makanan yg sudah habis
6. Staff beberapa kali terlihat tidak serius dalam bekerja, bercanda, padahal kami sebagai customer sedang menunggu kerjaan staf tsb"
Maria Ulfatul Jamila,4,6 tahun lalu,Bagus. Bisa buat acara keluarga arau acara pelatihan
M. Junianto Tri Gunawan,5,sebulan lalu,Syahdu untuk makan siang bersama rombongan
Rahayu Dwi,5,6 bulan lalu,"Tempat nyaman, tenang, asri"
hello afs,3,Diedit 6 tahun lalu,tempatnya bagus strategis dan biaya masuk terjangkau.
Andy Kurniawan,5,6 bulan lalu,"Staycation yg asri, nyaman, bersih, udara segar & nuansa alam. Keren."
Dina Aulia,5,4 tahun lalu,"Penginapan nyaman, bersih, karyawan ramah makanan enak toplah"
Rafa zainul,1,5 bulan lalu,"tempatnya si oke, tapi sya mendapatkan pelayanan yang kurang"
Rizal Pramita,5,setahun lalu,Tempat nyaman buat menginap dengan pemandangan alam yang cantik dan harga yabg relatif murah. Makanan enak dan banyak variantnya. Next perlu dicoba susur sungai
Rodex Wulan,5,setahun lalu,Suasana yang nyaman dan pelayanan ramah membuat pengalaman makan di sini sangat menyenangkan. Menu mereka yang beragam dan harga yang terjangkau membuat restoran ini layak untuk dikunjungi lagi dan lagi.
Mamim Zum,5,6 tahun lalu,Tempat edukasi dan rekreasi dengan konsep permainan tradisional.
Yayuk Soeharto Poetrie,2,setahun lalu,"View bagus,adem diluar.sewa kamar family room muat 4 orang 750+ppn 10% gak ada ac/kipas.alhasil bocil tidur rewel n badanny basah karna keringat,,breakfast cuma dijatah 2 orang aja,tambah piring nambah duit🫣 dapatnya hanya breakfast,,tidak ada lunch ataupun dinner😁😁so +snack n makanan jadi keluar uang lagi n kesannya jdi mahal krna beli dari luar tidak boleh🤭
Dihotel yg ono 1,2jt 4 orang udah dapat semuanya,mulai tour guide  breakfast,lunch,dinner,menu prasmanan mewah,paket ke kebun petik apel,jambu,playground anak"" renang sepuasnya..
Its ok gpp,,kalo gak gitu gak bakal tau n gk bisa bandingin.
Terimakasih pelayanan di sini sangat baik,gercep n ramah,,cuma ya itu tdi fasilitas kamar kurang😊🙏"
Anto Sanjaya,4,5 tahun lalu,"Pelayanan oks banget, ramah.. suasana pedesaan alami.."
Aulia rohmah,5,2 tahun lalu,"Kalau malam viewnya baguuus sekali.. sejuuuk,. Pemandangan baguuus., Recomend puoll"
Rudi Anto,4,7 tahun lalu,"lokasi sejuk, air melimpah, makanan enak"
M 15W4HYUD1,4,7 tahun lalu,Cocok buat yang lagi kepanasan dan ingin merasakan kesegaran. Tempatnya pun mudah dijangkau
Bunda,5,2 tahun lalu,"Pernah menginap disini. Tempatnya keren ya model pedesaan. Bagi yg penakut n tdk suka pedesaan lbh baik memilih tempat lain.

Model2 rumah kayu dan kamar mandi pun minimalis. Jika kondisi ramai pengunjung berisik ya tdk bs beristirahat 😁

Oitbond disini kata anak2ku really fun ... krn mereka semua kebetulan suka adventure. Jd malah minta lagi lagi dan lagi outbond nya

Kmrn outbond ambil paket yg dewasa dan full paket @175rb dg river tubbing flying fox dan x mission. N they are really excited n want more 😘🥰😍"
Moh Argus,5,6 tahun lalu,Rumah makan taman dolan bagus dan cocok bagi kalian yang mau outbon jugaa....
Aprelia Anggi,5,2 tahun lalu,Tempatnya ramah. Bagus untuk keluarga
Dias CP,5,7 bulan lalu,"Nice place with nice view, green and clean..good job👏
recommended buat keluarga atau gathering lainnya"
Basuki,5,setahun lalu,"Nyaman, pelayananya sangat membatu.."
Muji Muji,3,6 tahun lalu,"Kurang mengerti dengan konsepny, peralatan outbond pun kurang terawat. Bintang 3 saja"
Ade Niken,5,7 tahun lalu,"Wisata edukasi tradisional,tempat mudah dicari,recomended banget deh pokoknya"
Caca Ayu,5,5 tahun lalu,Tempat berlibur yg pas di kantong....kamar dan makanan harga terjangkau....
nunuk suryanti,5,4 tahun lalu,Sdh 4x ke taman dolan...bagus...pelayanan ramah....dan harga terjangkau..cocok utk refresing bersama keluarga
Retno Wulan Wijayanti,4,4 tahun lalu,Tempat asri adem...lengkap dengan kolam renang...cocok untuk bersantai dengan keluarga...
Damayanti,5,5 tahun lalu,"Murah,trmpatnya enak,banyak spot foto,bisa beli sayur slada"
Zulkifli R,5,setahun lalu,"2x nginap rame2 sama keluarga di room barak & omah dalem,lalu 1x perpisahan sama kawan2 kuliah dl,g pernah bosan dengan view yg disajikan oleh taman dolan,apalg bs ajak keluarga besar disini selalu menyenangkan,spt privat villa sendiri"
Luky Anugerah Subhi,5,setahun lalu,"Walaupun ada sedikit miss komunikasi tentang pemesanan kamar, tapi pihak taman dolan berupaya dan bertanggung jawab atas kelalaiannya demi kepuasan pelanggan.
Terimakasih taman dolan tempat ini recommended banget buat liburan
Skuy dolan rek 👍👍👍 …"
Andri Nova,4,6 tahun lalu,Tempat liburan keluarga .  Terutama anak kecil.ada kolam renang nya juga.
Sang Lakone,3,7 tahun lalu,"Pelayanannya terutama pramusaji kurang greget, kali belakang juga kurang bersih atau kotor."
Fauzan Rahardian,3,11 bulan lalu,"Tidak rekomen. Sistem kerja membingungkan. Makanan datang lama, begitu datang sudah dingin. Tempat terlalu campur aduk."
Mayta Rezka Hidayati,5,6 tahun lalu,Tempat yg bagus bt edukasi dan outbond bt anak2....
Family backpacker jatim,4,6 tahun lalu,"baru pertama kali kesini, tempat oke hrga murah. mantaappp..."
Susi Aura,5,setahun lalu,Tempanya asri sejuk nuansa perdesaan yg kental
joe milany,4,6 tahun lalu,"nyaman bagi yg ingin menenangkan pikiran,asri banget"
Abdulloh Nafis Al Laudzi,3,4 tahun lalu,"Ditempat ini menyediakan berbagai hal, mulai kolam renang, dan juga resto. Yg suka dengan hal klasik cocok ketempat ini karena menawarkan pemandangan dan hal2 yg bersifat seperti ""jaman dulu"" Juga terdapat tempat yang memnjakan mata. Menginap disini seperti menginap di vila atau cottage dengan view sawah dan tanaman juga pegunungan. Kamu juga bisa request untuk menyalakan api unggun atau outdoor party. Tempat outdoor lumayan luas ada sedikit mainan untuk anak-anak,tapi harus didampingi ya. Hanya saja ametize kurang lengkap, hanya ada sabun sampo dan sikat+pasta gigi. Pas kesini penggunaan air hangat juga agak sulit padahal tempatnya dingin, habis berenang mau bilas kan ndak nyaman kalau air dingin, coba untuk menelp cs juga sulit mungkin karena ramai. Tidak disediakan air hangat dan minuman hangat di kamar. Fasilitas TV dan toilet saja tidak ada wastafel. Pelayanan ramah. Semoga kedepan lebih bnyak perbaikan lagi."
Diaz & Day 's Santi,3,Diedit 7 tahun lalu,"Lokasinya berundak ( naik turun tangga ) , cocok untuk anak2 tp tidak untuk orang tua"
yeni ika,5,4 tahun lalu,Murah meriah kalo pengen santai sambil berenang
Arief Genggong,4,7 tahun lalu,Tempat nyaman untuk outbond & liburan keluarga
Amet Hydrant,5,2 tahun lalu,Muat sampai 500 orang klo mau akhir pekan disini
Hendrasto Andeski,4,5 tahun lalu,"Tempat yg asik buat kumpul2 bersama keluarga.
Paket outbound yg terjangkau untuk kegiatan anak2.."
agistien ariyantasari,5,Diedit 2 tahun lalu,"Menginap semalam untuk acara kantor dg electon, api unggun, outbond dan tubing sgt seru dan berkesan.Tempat yg eksotik, pelayanan memuaskan, kamar bersih, tim outbond yg keren membuat kita merasa senang dan nyaman. Recomended tuk gathering.Terima kasih banyak taman dolan special thx for mas hendrik n untuk semuanya...the best for u...
Sukses selalu..."
ST_Dwi Fatma,3,3 tahun lalu,"Plus
- lokasi dekat dr Toll
- akses mudah, bus bisa
- kapasitas penginapan banyak, modelnya ada yg privat sampai barak untuk rame2
- suasana, view bagus, diiringi suara air terjun mini dan kicau an burung

Minus
- water heater bny yg mati, penanganan lambat
- makan utk rombongan kurleb 100 orang agak lambat ketika kehabisan. Bahkan menu soto ayam suwir, bny yg ga dapat ayamnya :-(

Eman, tempat strategis, tapi mungkin blm terbiasa dengan rombongan besar.
Semoga bisa diperbaiki dan semakin terkenal ke depan"
Friartianto Donny,4,6 tahun lalu,"Theme park baru, outbond, kolam renang, penginapan dan restaurant"
Heriyanto Heriyanto,4,2 tahun lalu,"Alternatif menginap yang bagus selain ke hotel. Suasana pedesaan banget. Staf ramah. Yang perlu dibenahi adalah room servicenya. Kita tidak bisa masuk sampai jam 15 karena ruangan belum selesai dibersihkan. Handuk dan alat mandi baru tersedia malamnya. Selain itu, yang lain oke."
M,5,3 tahun lalu,"Datang kesini sama keluarga besar, semuanya puas. Makanannya enak n anak2 bisa main air (berenang)... Kalau kesini harus sedia baju ganti, karena pasti pada pengen berenang. Suasananya asri, jadi bikin betah. Minusnya, lampu kamar mandi kurang terang, jadi kesannya gelap, trus kalau mau nambah pesanan harus naik ke atas (meja receptionis).
Bakalan balik lagi klo pas liburan"
Haykal Pekre,5,8 bulan lalu,"Keren, cocok buat outbound atau hanya sekedar Staycation bersama keluarga atau teman sekantor"
Nafiisah al,3,Diedit 3 tahun lalu,"tempatnya memang indah, pemandangan asri, sejuk. tradisional gitu deh temanya. tapi pelayanan kurang memuaskan, pesanan teh saja bisa 1 jam. meja tidak dibersihkan, tidak disterilkan. banyak debu bahkan di piring piring saji. kolam renang dewasa juga sudah menjadi kolam ikan. permainan tradisional sudah tidak ada seperti dulu. banyak yang sudah tidak fungsi. pesanan makanan salah semua. minuman juga. mungkin pegawai sedang lelah, entahlah. semoga bisa memperbaiki agar menjadi tempat yg indah seperti dulu"
mohammad setya adi fauzi,4,2 tahun lalu,Tempatnya asri dan nyaman ada karokeannya
Andri Colez,4,7 tahun lalu,"Sebenarnya bukan taman, hanya kebetulan saja namanya Taman Dolan (Jawa) yang dalam bahasa Indonesia berarti ""bermain"". Ada banyak gubuk tempat makan yang bernuansa pedesaan. Tapi bagi saya kok malah terkesan kumuh, padahal konsepnya udah bagus.
Kolam renang tersedia 2 tempat. Yang area bawah untuk dewasa dan untuk anak di area atas.
Rasa makanan cukup enak terutama masakan bakar. Yang goreng tidak terlalu enak. Harga masakan standar, ada beberapa pilihan paket makan 5 orang.
Ada beberapa cotage di area dalam agak ke atas sehingga view persawahan dan gunung dapat dilihat dengan jelas."
Moch Hasanuddin,3,7 tahun lalu,T4 ny nyaman...mmmm airx euy...dingiiiin
KUS RIYANTA,4,7 tahun lalu,Taman dolan tempat makan dan kolam renang anak anak
ari andriyanto,5,2 tahun lalu,"Tiket masuk kolam renang Rp15rb per orang
Bila sekalian ikut paket makanan kurang lebih senilai Rp 200rb free tiket kolam renang untuk  5 orang
Susana sejuk dan segar"
Linda Suvi Rahmawati,5,6 tahun lalu,"Seneng n bagus dsni, cm pas kebetulan musim hujan g jdi outbond deh"
Arswinda Shinta Listiarti,5,setahun lalu,"Tempatnya memanjakan mata, telinga n hidung banget. Pelayanan oke, makanan enak (kecuali nasgornya perlu upgrade resep menurutku)
Recomended buat yg honeymoon, stress kerja, n putus cinta"
Andy Ilham,5,4 tahun lalu,"Asri, sejuk, santai, makanan nya enak"
Ana Indy,5,5 tahun lalu,"Lokasinya strategis dipinggir jalan besar, cuma awal kesini salah tmpat parkir, ditmpat outbondnya, jd klo ke penginapannya harus masuk gang kecil dulu, tp mobil bs masuk kok. Penginapannya bagus sekali, benar2 disajikan pemandangan sawah, gunung, damai sekali rasanya, cm agak berisik ya klo pas ada anak outing. Tmpatnya jg luas sekali, bisa jalan2 diarea pnginapan, Dan untuk cek in lama sekali, kmren hrus nunggu 1,5 jam ky ny mbak nya bingung gt. tp kebayar kok sm kamar dan pemandangan yg sangat bagus❤❤ bakal balik sini lg, untuk makanannya enak sumpah, ga rugi"
Felga Widyahnita,5,8 tahun lalu,Resto guesthouse outbond kolam renang mushola tempat wisata keluarga murmer
Robin Hammz,5,5 tahun lalu,Semua layanan bagus...yang perlu ditingkatkan adalah perbaikan dan inovasi yang bikin menarik ...bravo...
Joehana Septa,4,7 tahun lalu,"Tmpatnya seru, cuman panas bgt sdikit gersang.."
Reza Adiguna,4,7 tahun lalu,asik tempatnya dan ada kolam renang nya juga...murah meriah
Ida Imami,1,4 tahun lalu,"Saya menginap hari ini, kecewa... Dengan harga promo 599.000 tdk worth it.  Tdk ada ac, anak saya rewel panas meskipun di daerah persawahan. wifi di dalam kamar sulit,tidak ada tisu, tdk ada gelas, tdk ada kopi/teh sachet, sabun dan sampo cuma 1, padahal untuk kapasitas kamar 4 orang, tv kecil hanya dilantai bawah, kolam kotor.

Tidak direkomendsikan penginapan untuk anak-anak. Kamar kayu banyak paku tajam di dalam. Membahayakan.

Untuk harga 599.000 di daerah malang / batu di masa pandemi ini banyak yg lebih bagus fasilitas nya.

Not rekomended"
wisnu wardhana,3,3 tahun lalu,"Lumayan, makanan cukup enak, murah ... perlu pembeahan kecil2 , kunci pintu kmr kecil/ toilet di kolam renang, pakai kayu aja biar awet.
Petunjuk lokasi perlu dibuatkan di 50mtr sebelum lokasi, krn posisinya dekat tikungan dan agak rendah dr permukaan jalan raya. Semoga semakin sukses."
Arsyadinata Salim Prayugo,1,11 bulan lalu,"Pelayanan yg ceroboh hal yg sangat fatal karena identitas pribadi (KTP) diserahkan kepada orang yg bukan bersangkutan, receiptionis tidak bertanggung jawab noval"
Sanjaya,5,6 tahun lalu,Nuansa pedesaan yang asri. Nice place 👍🏻 …
Puguh Munarto,1,3 tahun lalu,"Kami datang bersama rombongan 27 orang (termasuk anak2). Pesan makan siang jam 12.45 WIB sebanyak 23 menu, proses lama sekali baru nongol sekitar jam 14.30 an, itupun baru sebagian dan sampe jam 16.02 sisa menu yg diorder sebanyak 6 menu belum juga nongol. Alasannya msh waiting list.... enggak banget deh, manajemen dapurnya. Baru kali ini, ada rombongan pesan makan tp keluarnya tdk bersamaan. Lebih 3 jam, saat posting ini jg blm selesai."
Afif Sultoni,1,5 tahun lalu,"Cukup sekali aja gk akan berkunjung lg

- Pelayanan sangat buruk
- Pesan makan aja 1 jam 1/2 blum juga diantar
- Kamar juga terlalu berisik sm kamar sebelah
- Breakfast gk dapat
- Parkiran belakang gk ada satpam yg jaga.
( Pas tengah malam )
- Kolam renang kotor
- Off Wi-Fi ( tdk bisa )"
Nita Trias,5,7 tahun lalu,Murah dan berkualitas.  Cocok untuk liburan...
Erin Yupita,4,Diedit 5 tahun lalu,"Taman edukasi dan juga restoran di daerah kab. Malang. Yang membuat istimewa disini adalah view sawah dan sumber air (dam) yg asri seperti berada di pedesaan. Gak heran Taman Dolan ini cocok untuk mengajarkan anak mengenal ekosistem alam beserta kehidupan di dalamnya. Disini juga melayani reservasi untuk a keperluan acara keluarga/teman/bahkan sekolah. Makanan yang tersajikan disini juga enak banget serius hasil dari pengelolaan itu sendiri 😭 Selain taman edukasi, disini juga menyediakan tempat penginapan sederhana untuk melepas penat setelah perjalanan panjang. Untuk fasilitas umum seperti tempat parkir yang luas, toilet yang tersebar d beberapa spot, mushola, dan fasilitas tambahan seperti kolam renang. Untuk foto yg ada d galeri adalah hasil kegiatan outbond disana, dan pastinya menyusul ya
Sekian dulu ulasan dari saya, terima kasih sudah membaca, semoga membantu 😊🙏🏽"
siti rosyana,3,7 tahun lalu,"Disini saya bs menikmati suasana yg tenang karena lokasinya dikelilingi persawahan/kebun. Ada kolam renang utk anak dan dewasa. Menu makanan dan minuman cukup variasi tapi saya cukup lama menunggu disajikan. Disediakan colokan jd bisa sambil buka laptop. Sayang saya berkunjung saat hujan jd kesannya ""terjebak"" karena tdk ada kanopi antara tempat makan satu dg tempat lainnya (ke toilet/pesan makanan/memanggil pelayan jd susah)"
kitchin kingu,1,4 tahun lalu,"Tempat memang asri, suasana alam nya emang dapet banget....

Tapi :
1. Pemanas air gak bisa bekerja dengan baik, klo udah panas ya panas ajah, gak bisa anget.
2. Semburan shower juga gak maksimal.
3. Kamar banyak semut.
4. Telpon ke receptions 801 mau komplain gak pernah diangkat.
5. Kolam renang kotor, lantai licin.
6. Jalanan licin banyak lumut."
FAZA FAUZAN,4,Diedit 6 tahun lalu,Bagus buat tempat outbond anak anak
afra hafizt,4,Diedit 6 tahun lalu,Ada beberapa jembatan yang perlu diperbaiki tapi pafa umumnya dah bagus
NANANG NOVITA,5,5 tahun lalu,"Suasananya sangat indah layaknya alam pedesaan sebenarnya, viewnya langsung melihat gunung"
Arfa Channel,3,3 tahun lalu,"Suasananya sejuk sih, cuman gak sesuai dengan yang saya bayangkan. Ketika ajak anak kecil main kesana, wahana kolam renangnya licin keramiknya, dan seperti kurang terawat.

Mungkin kalau untuk orang bulan madu, atau berpacaran cocok suasananya..."
aris wijanarko,3,5 tahun lalu,"Tempat parkir lebih kurang muat 7 mobil.
Tempat rasa desa dan menyenangkan. Ayam ingkung goreng rasa kurang nendang . sambalnya ok. Gurami sedang. Harga cukup umum.
Ada gubug makan pemandangan sawah...sesekali ada murid sekolah tk outbound di lokasi sawah. Ada kolam renang cukup bersih tapi rasanya perlu perbaikan ubin agar lebih bagus. Suasananya seperti di lembah dgn latar belakang gunung di kejauhan.
Ada penginapan . mulai kapasitas 2 orang perkamar. Hingga rumah bedeng yg berkapasitas hingga 30 orang sekaligus."
Rindha Devie,3,6 tahun lalu,"View nya bagus, di warung Ingkung makanannya enak tapi banyak lalat & tdk dapat sendok garpu jika tdk minta. Servicenya ramah tp lelet. Penginapannya bagus tp jauh dari parkiran cz akses jalan masih dibangun. Beberapa Properti kamar rusak butuh perbaikan. Overall sy senang karena staff baik & ramah. Terima kasih ☺️"
Al Bert,1,2 tahun lalu,Tempat ini benar2 parah penginapannya.. Gak ada pendingin apapun termasuk kipas angin.. Dikamar sudut2nya debunya tebal.. Banyak semut juga.. Kasur juga kotor dan ditemboknya banyak tai cicak.. Kamar mandi juga jorok dan bau.. Bayar juga gak murah 1jtan/malam untuk kamar isi 4 orang tapi sarapan cuma untuk 2 orang 🤦‍♂️
Bambang Hari Setiyadi,4,5 tahun lalu,"* Parkiran kurang luas, tapi mwmang disesuaikan dengan kapasitas lokasi ya..
* Paket makan dan tiket, ide yang bagus menurut saya.
* Jalan dari tiketing ke area kolam perlu diperlebar, jd mudah untuk papasan orang jalan.
* Saung/ gazebo perlu ditingkatkan kebersihannya, terutama bagian bawah (deket kolam dewasa)
* Saat hujan, saung hampir tidak bisa dipakai sama sekali
* Lebih suka jika kolam dewasa dan anak anak agak berdekatan, jd orangtua lebih mudah mengawasi anak2, saat berenang juga.
* Tempat bermain di kolam anak perlu ditingkatkan perawatannya.

Mau tubing tapi pas ujan, ga jadi deh..takut banjir"
Farid Arsitek,5,5 tahun lalu,"mampir kesini menjelang sore, suasananya cukup berbeda dengan tempat lainnya, terletak di tanah berkontur membuat cottage-cottage yang ada menjadi tempat makan yang tematik, anak2 bisa bebas lari diatas rumput, makanannya murah dan rasanya gak main-main, coba pesan singkong kejunya deh."
Defitasari Novia,5,9 bulan lalu,"Seru dan kakak guide nya seru, banyak ice breaking cocok untuk siswa sekolah kelas rendah."
Alma Dk,4,5 tahun lalu,"Kolam renang cukuplah untuk bermain air, ada kolam dengan sumber alam, lumayan seru untuk anak SD, untuk anak SMP ke atas aktifitas yang menantang perlu ditambah. Saat kami berkunjung beberapa pagar pembatas perlu segera dibenahi."
masdeah,5,3 tahun lalu,"Eduwisata yang cocok banget untuk pelajar apalagi anak SD, Trainernya keren dan profesional. Sangat aktif dan memuaskan pelayanannya. Hanya saja menurut saya kolam renangnya kurang banyak hehe"
Andy Haryadi,4,6 tahun lalu,asik...cocok untuk keluarga...view bagus
djarwadi zabroy,3,7 tahun lalu,Fasilitas kurang memadai utk tempat santai kluarga
Igo Indonesia,5,8 tahun lalu,"Asik tempatnya, suasana pedesaannya dapet banget."
zakki safrizal,5,5 tahun lalu,"Tempat rekreasi yang lengkap, untuk honey moon ada penginapan, dengan vila ala rumah tradisional, buat kebersamaan kantor juga oke banget
Ada mentor yang mandu team untuk kolaborasi permainan yang melatih psikologi team work terbangun ada x mission, rafting api unggun karaoke lengkap deh. Buat anak anak berlibur juga aman. Fasilitas kolam renang dan hiburan lainya seperti api unggun tersedia"
Hartoni Toni,4,6 tahun lalu,tempat rekreasi yang cocok untuk keluarga
Herawati S,4,7 tahun lalu,"Pemandangan alam di sini bagus, udaranya segar.
Punya sarana outbond yang cocok untuk anak-anak sekolah dasar. Sedangkan untuk yang lebih kecil, saya rasa kurang cocok. Kontur tanah yang naik turun akan menyulitkan pengawasan. Lebar untuk jalannya agak sempit. Ada beberapa tempat yang harus diperhatikan karena tidak dibatasi padahal di ketinggian.
Ada kolam kecil untuk anak-anak.
Punya penginapan juga, bagus untuk yang suka suasana persawahan. Juga ada aliran air kecil yang membuat suasana tentram.
Tiket masuknya 10.000"
Totot Andi,4,5 bulan lalu,tempat yang bagus untuk wisata outbond
UPIN FF,3,6 tahun lalu,Murah tiketnya..tp sikecil 2th sdh ikut bayar ...
Jihan Farah Hertiyan,1,6 tahun lalu,"View pegunungan bagus.  Lainnya spt pelayanan, recepsionis, sarapan, Toilet, pemanas air , buruk.👎 …"
wasis dewe,5,2 tahun lalu,Bagus n enak tempat nya
Arizal Maulana,4,6 tahun lalu,"Penginapan dengan konsep alam yang sangat cocok untuk anak-anak. Taman Dolan mengusung konsep permainan tradisional sehingga anak-anak dapat mencoba permainan seperti hulahop, egrang, bakiak, ayunan, dll. Ada juga area yang mengetes ketangkasan anak seperti berjalan di bambu yg dibawahnya ada air.

Taman Dolan terletak di lembahan yang di belakangnya terbentang sawah. Apabila menginap disini, kita langsung bisa melihat sawah begitu jendela dibuka. Interior kamar cukup nyaman dan sudah tersedia air panas. Namun tidak dilengkapi AC mengingat suhu di Batu sudah cukup sejuk.

Rasa makanan cukup enak dengan menu rata2 adalah menu tradisional. Kekurangannya adalah di beberapa tempat umum spt aula, tempat makan, dan beberapa tempat lainnya, kayunya sudah teelihat tua sehingga mengurangi pemandangan. Ada baiknya dicat ulang."
H. Arief Wicaksono,5,3 tahun lalu,"Tempat asik, seru, kamarnya bagus nyaman. Meskipun tanpa AC kamarnya udah dingin banget. Ada pemanas airnya.
Cocok buat acara2 keluarga, employee gathering, LDKS, dll"
Puji Sri astutik,4,3 tahun lalu,"viewnya bagus , makananya murah enak kolam renang juga bersih recommended pokoknya kapan2 bisa datang lagi nich diacara ultah #ada bbrp kamar mandi yg kurang perawatannya dan mohon dikasi tulisan  arah petunjuk yg jelas misal mushola, toilet yg arah dibawahnya kolam renang ànak2"
Lidya Hartini,5,5 tahun lalu,Lokasinya keren. Outbound nya juga menarik
muriyanah ana,4,2 tahun lalu,"Suasana adem,tp sayang tempatnya terlalu banyak tanjakan,jalannya terlalu sempit,kurangnya drainase jd air meluncur ke tangga bagian bawah entah darimana.musola kurang terawat dengan baik tempat wudhu lantai dr semen kelihtan berlumut jd kalau jalan atau turun tangga super hati2 apalg utk orangtua atau bumil,untuk makanan cukup enak.utk pelayanan cukup baik.
Mungkin krn musim hjn jd lumutnya ada dimana -mana."
Zulmi Rahfa,5,4 tahun lalu,Cocok bagi yg bawa anak kecil
yoki satriyo,5,2 tahun lalu,"cocok buat liburan sekeluarga.
pegawai yg ramah.
mungkin ada satu kekurangan yaitu wahana bermain untuk anak anak selain kolam renang anak.
untuk keseluruhan dr rating 1 - 10 bisa saya kasih rating 9."
Bob Mahaputra,2,4 tahun lalu,Klo buat org yg suka agak suasana alam mungkin cocok. Tp yg pgn suasana modern gak cocok. Letak penginapan lewat gang kecil yg gak bisa simpangan sama sekali. Tempat parkir kecil. Jalan ke penginapan naik turun dan licin banget klo hujan krn outdoor. Gak cocok klo ngajak orang tua krn pasti capek jalan ke kamar penginapannya.  Tp positifnya pelayanan ramah dan tanggap.
M Nashrul Ibad,3,6 tahun lalu,"Mungkin memang konsep nya yg dibuat seperti itu, tp buat saya pribadi agak kurang nyaman kalau utk tempat menginap. Tapi kalau cuman utk berenang dan makan masih nyaman aja. Beberapa menu malah layak dicoba seperti nasi tumpeng dan ayam ingkung nya"
Tri Evelina,4,6 tahun lalu,"Wisata kuliner dengan kolam renang dipinggir gazebo. Cocok buat anak anak karena bisa sambil berenang dikelilingi pemandangan sawah disekelilingnya. Tiket masuk 10 ribu rupiah, tapi pada saat high session seperti hari lebaran naik menjadi 15 ribu rupiah."
Lussi Rossi,2,6 tahun lalu,"Pelayannya bagus. Kamar tidak nyaman, masih kotor, keset basah. Bangunannya kayak asal2an, fasilitas kamar beda2 padahal harga sama. Kebersihan kurang terjaga. Bau saluran pembuangan mengganggu udara bersih, mungkin bisa dirapikan saluran pembuangan kamar mandi."
Didik Mulyadi,1,5 tahun lalu,"Kotor, beberpa anak terpeleset di bawah guyuran air di kolam, tolong sering disikat. Kamar mandi tdk ada gantungan baju, dpn kmr mandi tdk adaa wastaafel utk cuci tangaan, haasil panen outbonnd hilang ga berimba, padahal klo outbond biasanya dibawa pulang, mengingat outbond ada biaya sendiri. Gazebo tdk bisa ditempati karena basah...
Ga ada persiapan kali ya wkt hbs hujan..  tolong jgn buat pengunjung kecewa... apalagi klo peserta outbond banyak aula tdk muat... kami jg bayar

Mohon maaf tp ini memang yg saya alami utk pengelola silahkan di cek"
triagus karyanto,1,6 tahun lalu,"Lumayan untuk gathering keluarga besar kami ber 55 nginap dua malam disana, pelayanan dan service cepat kami minta ganti tabung gas pemanas tidak ada 5 menit langsung diganti padahal suasana masih sibuk para pegawai sedang siapkan sarapan pagi"
neno Sagitarius,1,2 tahun lalu,"Sejuk sieh iya adem , tapi pelayananny kurang bgs minim
Bayar mahal2 2 kmr kena 2.300 an
Wiffi aja erorr
Telp erorr
Hub via wa  pesan2  minuman makanan slow respon ..akhirny mau air mineral aja saya jln dl deh kluar penginapan jalan kaki , untung pagi
Jd anggap aja skalian olahraga ..cukup skali aah
Gak rekom bgt"
Gandis Amarta Batari,3,setahun lalu,"Waktu kesana kolam anak nya kotor, kamar yg buat tidur suara pintunya ky tikus kejepit"
Basuaji Sundoro,4,3 tahun lalu,"Lokasi penginapan ini seperti suasana pedesaan. Sunyi pkoknya.
Bangunan 75% kayu2an.
Kolam renang jd kolam ikan koi.
Ada cafe sawah yg syahdu melambai2 angin sejuknya, dijamin mengantuk deh...
Saat itu ada yg berkegiatan semi outbond di lapangannya."
Eustacya Estrella,1,setahun lalu,"Tempat buat makan banyak uletnya, kamar mandinya juga kotoe banyak hewan, tidak memuaskan untuk liburan bareng keluarga"
dwi darmawan,4,7 tahun lalu,"Tempat yang cocok buat liburan sama keluarga terutama bawa anak kecil. Tempat ini cocok buat berenang ada beberapa kolam di tempat ini. Kalo engga salah ada tempat outbound nya di sini

Selain kolam renang ada juga tempat makannya, untuk makan di tempat ini recommended banget harga sesuai banget sama rasanya mantap dah pokoknya. Cocok banget makan bareng sama keluarga di sini.

Kurang nya cuman di tempat buat sholat nya aja menurut saya"
dJamhari Asan,5,4 tahun lalu,"Cocok untuk wisata kluarga atau kegiatan outbond kecil2an...

Harga murah,
Parkir cukup lah,
Layanan ok..
Makanan begitu berkesan..
Murah meriah tp rasa wajib di coba,,.

Utk weekend banyak kegiatan rrnang kluarga atau anak2 remaja,
Klo sekedar utk cuci mata, alam disini cukup mempesona, memanjakan mata,
Dengan hawa dingin kawasan batu,

Recomen utk baget yg tak menguras biaya,
Tersedia penginapan juga utk group atau peraorang"
muchamad rum,4,2 tahun lalu,"Tempat yg bgs buat berlibur at melepas lelah dr kesibukan rutin...pemandangan yg bgs dr tpt kt menginap dr ats k bwh...sawah,kebun , aliran air utk memanjakn mt kita....keren bget"
OUTDOOR ANTUSIAS,2,8 tahun lalu,Asik tempaynya sejuk dan nyaman
Ine Eni,5,2 tahun lalu,"Recommended,,, tempatnya indah bgt serasa di ubud bali🥰 g perlu jauh2 ke Bali nih sekarang,, staf nya ramah2,,, dengan suasana pedesaan yg sejuk pastinya akan kangen balik lagi ke sini🤗❤ …"
miftakhul khabib,3,5 tahun lalu,Dh lumayan tp blom sempurna.
ririn sukarsih,4,6 tahun lalu,Cocok buat yang suka trekking karena jalan yang naik turun dalam area penginapan. Udara yang bersih walau ada sampah di aliran irigasi yg lumayan mengganggu pemandangan. Bisa mengenalkan anak tentang dolanan tradisional yg sudah jarang dimainkan.
NDANNN CREW!!!,1,setahun lalu,"tempat makannya banyak ulatnya, kamar mandinya kotor banyak hewan jg, kurang memuaskan untuk libur bareng keluarga"
FC entertainment,5,2 tahun lalu,"Sungguh tempat yang sangat indah, pemandangan sawah menenangkan pikiran, berenang di area alam bisa merelaksasikan jiwa, anda patut mencoba tempat ini, makanannya juga enak, ikan bakarnya maknyuss👍👍"
Adita Bachtiar,5,3 tahun lalu,"Tempat yg asri,tenang,nyaman. Recomended buat yg mau healing dr stres. Staff ramah,makanan aku kasih bintang5 enak2 semuaaaa. Viewnya bneran asyik,,anak2 bs main d sawah,sungai kecil. Utk fasilitas kamar disesuaikan dgn konsep pedesaan
Satu saran saya perbanyak wastafel di luar ruangan dan d dlm kamar. Thank you"
Imamah Adilah,5,Diedit 6 tahun lalu,"Sederhana, tapi bermakna 💕 tempat outbondnya seru, walaupun memang strukturnya masih becek, tapi itu yg bikin seru klau kita kesana bareng2. Mbak2 dan mas2 guide dr taman dolan pun ramah, banyak membantu dan sangat sabar 😄
Tema yg diusung disini adalah tema klasik pun begitupula desain penginapannya. Memuaskan sekali utk pelayanannya. Terimakasih Taman Dolan."
Noorcha Hadi,5,7 tahun lalu,"Tempatnya bagus bnget, natural, suasana seperti menytu dengan pedesaan, tenang, cocoxk untuk keluarg maupun kelompok gathering, pelayanan ramah sopan, parkir man dan luas, bis jug bisa masuk, masakan juga enak, da coffe time,  karaoke, bjsa barbeqiu, kolm renang bnyak fasilitas yang mendukung, ada shower air hangat, cocok juga untuk membuka inspirasi. Pokoknya mntab deh...."
Tri Prasetyo,5,7 tahun lalu,"Taman dolan terletak di pinggir jalan raya giripurno. Lokasinya memang tidak terlalu luas, ada dua kolam renang yang di bagian tepinya terdapat tempat untuk lesehan n makan minum bersama keluarga. Sayangnya pengunjung tidak diperkenankan membawa makanan sendiri, jadi klu mau makan harus beli di resto yang ada di taman dolan. Ada home stay, tempat untuk Outbound juga ada."
rizqi dwiki,2,2 tahun lalu,"cek in diperbolehkan masuk kamar ktika sore,
malam lampu mati,
acara BBQ yang makan lahap malah pegawainy hotel, tidak mengutamakan konsumen..
pelayanan kurang ramah,"
Ira Yap,4,Diedit 7 tahun lalu,"Penginapan dgn Suasana pedesaan membantu menghilangkan kepenatan selama di kota. Ada outbond , kolam renang  dan wifi dgn kecepatan yg baik. Cuman televisi bisa mati hidup sendiri beberapa kali , entah dr kabel yg kongslet atau ada ""sesuatu "". Overall not bad ."
sayyid habsyi,5,7 tahun lalu,"Natural sekali. Makanannya enak, terutama sambal nya."
Ardiansyah Boedee,4,3 tahun lalu,Tempat kumpul keluarga yg cukup memuaskan dengan menu makanan yg sangat mendukung serta kolam renang yg pas utk anak² yg hanya butuh bermain air...rekomen deh pokoknya...
Ayam jago,5,Diedit 2 tahun lalu,"Sekarang lebih banyak kolam renang nya. Smga jd lbh baik lg dlm fasilitasnya, pemandangan alam mantab"
Anditya S M,1,3 tahun lalu,Pelayanan parah. Untuk makan saja kami harus berjalan muter-muter tidak tahu arah. Sama sekali tidak ada petugas yang stand by atau memberikan petunjuk arah dimana lokasi resto. Kesasar sampai kemana-mana setiap ada staf ditanya dimana lokasi makannya jawabannya terserah. Tidak ada upaya dari staf untuk minimal menunjukkan arah lokasi yang benar. Dengan alasan semua staf sedang sibuk dengan acara outbond. Ya kalau memang begitu lebih baik ditutup saja saat outbond daripada menelantarkan tamu yang sudah bayar untuk makanannya di depan.
Mukhammad Naafi'u Akbar,4,6 tahun lalu,Taman dolan sebagai tempat wisata yg cocok untuk anak-anak.. Mulai tk-sd. Di taman dolan tersedia kolam renang untuk anak-anak dan tempat untuk out bond sekaligus menyediakan berbagai makanan dan minuman. Lahan parkir yg lumayan luas.
Ananda Rizky Yuliansyah,2,7 tahun lalu,Sendok dan piring kotor jelek tidak bersih. Untuk foto ok lah
Lucky iwa,4,5 tahun lalu,"Makanan rumahan sekali, cocok untuk yg suka sunyi."
Akmal Faiz,1,7 tahun lalu,Tempat bagus... nyaman... kolamnya juga ok. TAPI PETUGASNYA tidak ramah (Galak. Judes. Cuek sama customer) sampe kita kebingungan mau order kemana. Khusus mbak2 diloket tiket. Kalau ada masalah jangan dibawa ke kerjaan. Muka jutek g ramah sama sekali. Lempar senyumpun tidak. Minta tolong diberi arahan lagi karyawannya untuk menerapkan greeting yang baik kepada customer.
Rochman Towafianto,1,2 tahun lalu,Hotel yg Lampunya sering mati alasannya gara2 ada acr jd hotel nya tdk kuat wattnya hahahaha baru kali ini hotel watt nya g kuat dan tdk ada ac nya menurut saya tdk rekomen utk di inappi
Dina Ayu,3,3 tahun lalu,"Untuk tempatnya menyatu dengan alam, sudah beberapa renovasi, untuk beberapa toilet perlu adanya renovasi jg spy lebih bersih, kalo mo pesan makanan lgsg pd saat datang y,  kl udh masuk susah pesannya krn didalam terutama jika diarea bawah tidak ada alat untuk memanggil karyawan untuk memesan dan kita harus berjalan kembali ke depan meja kedatangan, lumayang ngos2an kl harus bolak-balik pesan makanan..."
Ary Danie,5,3 tahun lalu,"Tempat ini sangat sangat baguuuuus banget ,fasilitas nya lengkap ,makanan nya enak ,udara nya sejuuuuk banget.cocok banget nich buat seru seruan 🤗🤗🤗owner nya baik banget plus fotografer nya yg gokil abies mas arifin malika 🙏🙏🙏👏👏👏sukses dan makin rame ta wisata alam taman dolan …"
Ainur Rizkiyah,2,4 tahun lalu,"nginep tgl 2 Arpil 2021 emang lagi tgl merah. kamar penuh, banyak pengunjung anak2 juga jadi anak saya yg masih balita suka kebangun kalo tidur.
dikamar tidak ada teko air panas tapi katanya bisa kalo minta ke cs tapi TLP tidak bisa digunakan. akhirnya minta air panas TLP pake kamar sebelah tapi dari jam 18.00 sampe jam 20.00 tidak dikirim juga. anak saya tidak bisa minum susu gegara tidak ada air panasnya"
Nico Gesang Mahendra,5,setahun lalu,"Nyaman, hening, liburan jadi enak gak bising. Tapi untuk yg deket mushola, air panasnya kok gak bisa??"
Mahru Indrajaya,2,7 tahun lalu,"Pelayanan nya cenderung lama..Dengan tempat yang luas,  pegawai nya tidak mudah ditemui.  Jadi kalau mau order atau tambah orderan ya harus siap siap ke kasir.
Nilai plus nya tempatnya bagus ala ala pedesaan dilengkapi dengan kolam renang berbayar. View nya juga ok.
Harga nya terjangkau
Perlu diperbaiki di pelayanan saja"
Quraisyi Asid,5,setahun lalu,"Tempat mantap, fasilitas kamar mandi sip
Kolam renang alami....
Cocok utk menenangkan diri"
Muhammad Zahdi,5,7 tahun lalu,"Lumayan buat refesh tipis2, makanannya murah meriah, airnya juga segar, dikeramik lebih rapi deeh kayaknya, ato memang dibuat alami pk batu dan pasir malah lebih keren"
Anam Yang Choi,3,5 tahun lalu,Air kolamnya masih mengandung banyak kaporit. Banyak area naik turun shingga kadang menyulitkan ato membahayakan mobilitas bagi orang tua atau anak2 kecil.
yulanda fajarwati,4,3 tahun lalu,"Tempatnya bagus, bersih, sayang dari lobby depan ke resort nya agak jauh jalannya naik turun, saya gendong balita & tas punggung & gandeng 1 anak,,,sangat menguras tenaga,,, belum ada fasilitas antar jemput dari penginapannya ke lobby bagi kami yg tidak membawa kendaraan pribadi... Tp selebihnya puas, tempatnya bener2 kyl little ubud, anak-anak bs puas main air di teras sawah maupun di kolam renang, ada playground & fasilitas permainan tradisional seperti bakiak, engrang, holahop.. Makanan jg enak,,,"
anita putri,2,7 tahun lalu,"Awalnya tertarik kesini krn liat di google, ada wisata yg cocok buat anak², ada kolam renang tmpt mkn, outbound sma ada penginapannya jg, tp pas kesana woww jauh dr ekspetasi. Klo kesini tujuannya mau berenang ok ok aja kolamnya bersih, airnya jernih seger dan dingiiinn, tp yg bikin ga enak klo g berenang misal mw nungguin /sekedar makan mau masuk aja udah disuruh bayar 10rb/ org dewasa, bbrp kali kesini mau outbound trnyata slalu dijawab hrs janjian dlu hemm jd males kesana diphp trs"
Ardhia Nabila,5,5 tahun lalu,"Sangat aku rekomendasikan tempat ini 😍 service nya super baik dan ramah sekali, dan pemandangan yang bener bener memanjakan mata, serta konsep yg unik dan asri, untuk keluarga, pasangan sampai teman saangat cocok liburan disini 😊 makanan nya juga enak enak, fasilitas juga cukup lengkap👍👍👍 …"
Helmi M,5,2 tahun lalu,Tempatnya indah. Untuk kamar bagus dan dekat dengan alam. Penginapan yang membuat kenangan masa lalu terulang kembali. Saya merasa seperti di terapi dengan pemandangan persawahannya.
Budi Setiawan,5,3 tahun lalu,"Tempatnya Asri,sejuk,luas cocok untuk outbound ataupun team building. dan sesuai namanya banyak dolanan(mainan) tempo dulu yg sudah jarang kita temukan. Wahananya seru,fasilitas dan pelayanan dr para staff memuaskan. Makanannya juga enak. Recommended. Terima kasih 🙏🏿 …"
Ninik Tri,5,4 tahun lalu,"Amazing place, amazing view & amazing food. Pengalaman yg menakjubkan selama stay 2 malam disini, pelayanannya ramah. Cocok untuk yg bosan suasana kota, bisa dtg ke taman dolan buat sekedar refresh 👍👍 …"
Akun Thailand,1,2 tahun lalu,"Tempat ini merupakan tempat paling jelek yang pernah saya kunjungi seumur hidup, menu makanannya mahal, udah mahal cuma sedikit dapetnya, udah gitu nasinya tengik, keras

Nyesel saya berkunjung kesini"
Rahmat Subagyo,4,Diedit 4 tahun lalu,"lokasi bagus banget, panorama alam dan gubuk-gubuk yg dibuat di tengah persawahan sungguh menentramkan. menu khas bernuansa pedesaan rasa mantab  minus spring bed sudah ""mendelong"", tidak ada sabun di kamar"
Fardiyanto Adink,5,3 tahun lalu,Hampir 2 Minggu lalu ada kegiatan menginap di Taman Dolan.... Alhamdulillah lancar....dan puas dengan semua pelayanan dan fasilitas yg tersedia. Terus tingkatkan untuk manajemen Taman Dolan.....villa dengan pemandangan yg asri
Yanna Lubis,5,6 tahun lalu,"Pemandangannya luar biasa indah. Tempat ini adalah home stay yang sangat cocok untuk tamu rombongan. Tersedia berbagai ukuran kamar, mulai untuk 2 orang per kamar hingga 30 orang"
Hamsah Mauludin,5,3 tahun lalu,"Tempat bersih, pelayanan sangat ramah, menu makanan enak mantap, recommended buat acara outbound, team building, family gathering dengan instruktur yg sangat berpengalaman.."
Vempi Effendi,1,4 tahun lalu,Tempat mkn krg bersih bahkan kesannya tdk dibersihkan. Kita rombongan hrs menunggu gubug lesehannya dibersihkan dulu. Jalan turunan byk tangga2 yg saat hujan licin. Konsep traditional tp kurang memperhatikan kebersihan dan kenyamanan pengunjung.
Nanin Wijayanti,4,6 tahun lalu,"Makanannya enak..yg menarik selada air yg ditanam disana diolah mjd berbagai macam menu. Kamarnya nyaman,view nya natural bgt, akses jalan ke kamar naik turun..menyesuaikan konsepnya 😅 tp syg ruang meetingnya krg nyaman …"
zum zumi,5,6 tahun lalu,"Fasilitas lengkap dan baik antara lain: kolam renang anak, kolam renang dewasa, toilet bersih, mushola, tempat makan, penginapan, aula. cocok untuk kegiatan keluarga atau organisasi. Akses menuju tempat ini beraspal bagus. Kurang cocok untuk penyandang disabilitas karena di area lokasi naik turun dengan tangga."
arunaland official,5,9 bulan lalu,Tempat yang cocok untuk keluarga. Bersebelahan dengan Aruna Land Villa Batu
Aulia FC,4,8 tahun lalu,"Murah, cuma 10k"
hengky_ batuholiday,3,6 tahun lalu,"Tempat nyaman,alami karena didesain dengan konsep pedesaan. Ada kolam renang&arena bermain dengan tiket masuk Rp.5000 cuma sayang kurang terawat.
Untuk masakan enak dan harga menengah ke atas."
masfir,4,5 tahun lalu,"tempat yg nyaman buat menginap, good job"
yulianto kurniawan,3,7 tahun lalu,"Ternyata ada 2 tempat, taman bermain dgn kolam renang+ makan dimana klo masuk beli tiket 10rb dan tempat makan dan penginapan yg ada di belakang dgn pintu masuk yg berbeda masuk gang kecil. Lumayan untuk nongkrong sambil minum teh hangat di tengah rintik hujan dan angin semilir dingin."
dhikri syeban,5,6 tahun lalu,Tempat nyaman.. suasana desa yg jauh dari kebisingan udarapun sejuk. Pemandangan disekitar sangat bagus sekali.. cocok untuk liburan keluarga. Harga juga bersahabat. Ramah untuk anak. Sekitar 10 menit dari sini kalau anda ingin ke alun-alun KWB (Kota Wisata Batu). Buruan kesini jika anda ingin melepaskan penat dan menikmati keindahan ciptaan Tuhan..
Elly Afriani,3,7 tahun lalu,"1. Bagus cuman banyak permainan yg sayang gak bs main krn peralatannya gak ada.
2. Karena mungkin pas hari minggu rame pemgunjungnya pelayanannya untuk pesen minuman saja lama banget baru datang eh ternyata salah kirim 😂😂😂😂.
3. Tolong ya buat pengelolanya siapkan tempat parkir yg datar untuk sepeda motor karna kemaren motorq roboh kesengol motor lain dan spionnya pecah dech 😂😂😂😂"
K45,5,3 tahun lalu,"Tempat penginapan yang nyaman, sejuk bernuansa pedesaan, ada jg outbound, rafting, kolam renang serta maenan tuk anak², acara keluarga dan kelompok mgkn lebih cocok 👌👍"
ferry adi setiawan,5,3 tahun lalu,"tempatnya bagus,harga terjangkau,para pemandu outbond dan semua yg terlibat sangat ramah.sangat rekomended.semoga berkah untuk kita semua"
dw tribinabakti,5,5 tahun lalu,"Mereka menepatinya janji dg kunjungan gratis utk kami saat itu,  marketing nya sangat ramah,  memberitahukan fasilitas yang ada dengan sabar dan detail,  mudah di nengerti semua kalangan.  Fasilitaspun terjangkau dan biaya yang terjangkau pula,  semoga sll di beri Rizki yang barokah,  makin maju dan berkembang,  aamiin."
Indu Salupi,5,7 tahun lalu,Tempatnya santai dan terkesan pedesaan. Asik deh
tutut w,5,7 tahun lalu,"Taman dolan, dari judul pasti nyimpulin kalo ini tempat main, padahal lebih dari itu. Disini ada penginapan, outbond, kolam renang, resto juga. Jadi meski ga menginap dan cuma sekedar makan bareng keluarga boleh juga. Tempatnya luas. Pelayanan juga oke. Apalagi suasana sekeliling rindang banget. Kalau untuk harga lumayan mahal utk mahasiswa, untuk umum sih terjangkau yaa."
Retno Ayu S,4,5 tahun lalu,"Pernah kesini sudah lumayan lama, makanannya enak cukup puas dengan harga yg tidak begitu mahal. Harus bayar tiket masuknya juga waktu itu.  Kesana bawa baby kurang begitu nyaman krn banyak nyamuk."
Ifan Army,5,7 tahun lalu,"tempat ini cocok untuk anda yg sudah berkeluarga, karena asik tempatnya, anak-anak bisa mandi di kolam renang, dan orang bersantai di gasebo-gasebo yg sudah disiapkam, dtambah lagi kalau anda suka memancing. disana tersedia kolam pancing untuk santapan makan siang 😍 …"
Andreas Lucio Ivanno,5,5 tahun lalu,Tempatnya keren sekali!
Ricoe Debbies,4,3 tahun lalu,"Biasa aja, tempatnya kurang tersusun rapi, antar penginapan, resto tmpt bermain jadi cenderung sempit akses jalannya, smg sukses taman dolanan dan bisa lbh berkembang lg"
endah Chafafa food,4,6 tahun lalu,"Suka seh tmpatx, klo berenang sering dsini. Cuman di daftar menu kok ga lengkap ya, pas mau pesen makan cuman ad menu ayam. Pas Uda dtempat duduk, eh dmeja sebelah kok maem gurame"
Ahmad Ulil amri,5,7 bulan lalu,"lokasinya bagus, viewnya juga bagus langsung ke gunung sindoro"
moulin rouge,2,4 tahun lalu,"viewnya keren..tapi untuk kamar executive seharga 500rbu ga sepadan banget sama fasilitas yang kita dapatkan..pas waktu masuk room ga tersedia water heater, gelas, complimentary drink (qta minta baru disediakan) dan tv nya kecil bangettt 15 inch mungkin ya..wifi super lelet bgt...
- tolong dong didalam kamar disediakan tempat sampah..

dengan harga yg sama kita lebih prefer cari hotel yg lain dengan venue yg sama dan fasilitas bnyk yg lbh baik..tolong ditingkatkan ya

-service OK..receptionistnya ramah2 bgt.."
Maria Rahma,2,3 tahun lalu,"Tempatnya kurang terawat,,kolam renang kotor,,jalanannya licin jd untuk anak² atau geriatri was² terpeleset,mungkin karena pandemi,pengunjung tidak banyak jadinya terlihat tidak terawat,tidak ada yg jual makanan ringan,ada warungnya tp tdk berjualan dg alasan takut hujan atau sepi..semoga kedepannya lebih bagus dan d tingkatkan lagi."
fela ardyanti,1,4 tahun lalu,"dengan harga 500rbu (exclude bfast) per malem dengan kamar type ""executive"" beserta fasiltas2nya..sangat kemahalan..okeylah view OK..tapi kamar ga terawat..water heater untuk masak air hrs dimintain dlu..TV ukuran 15 inch kecil banget..Wifi lelet parah..masih banyak penginapan yg menawarkan fasilitas dan view lebih baik di daerah batu..ga akan balik sini lagi..."
anisa rahmawati,3,4 tahun lalu,"Biasa aja,makanan nya mahal,sarapan cuma dapat 2 pdhl room family.g sebanding SM harga kamar nya.selimut n kamar nya bau debu"
Indah Kusumawati,1,3 tahun lalu,"Tempat bagus, tp sayang pelayanan sangat buruk. Pesen makan di receptionist depan, tp g dikasih tau tmpt makannya dmn. Jd saya sampe tersesat, dan tidak ada petugas yg ditanya. Setiap ditanya jawabnya makan terserah dmn. Dan dolanannya jg ada, wktu saya kesana sama sekali g ada dolanan. Not rekomended"
Firda Ay,5,7 tahun lalu,"Tempat asri, kolam renang bersihhhh jerinihhh😍😍 …"
ayu Kurnia,5,3 tahun lalu,Bagi anak mudah si ok... Kalo bwt lansia mending jangan karena jalannya naik turun banyak ank tangganya kasihan...
Santri Sarungan,5,7 tahun lalu,Tempatnya nyaman untuk wisata keluarga. Bahkan ada penginapan dengan harga terjangkau. Membuatnya terasa lebih nikmat untuk menikmati liburan. Cocok untuk keluarga baru nikah maupun yang sudah memiliki banyak anak. Rekomendasi top global pokoknya. ^_^
Mohammad Muslimin,3,7 tahun lalu,Cocok untuk sarana bermain keluarga
Maya Adriani,4,7 tahun lalu,"Bisa 1 paket makan dan berenang. Dengan membeli paket makan, tidak perlu membayar lagi untuk renang. Makanannya enak. Tempatnya asri. Menyenangkan. Air kolam segar, dingin, jangan renang sore saran saya, bisa beku hehe.."
Elistiowaty,3,8 tahun lalu,"Kolam renang bersih, ada permainan traditional yang cukup lengkap, view gunung,  menu restoran masakan jawa, tiket masuk hanya 10.000 untuk dewasa"
Diana Librawati,5,4 tahun lalu,"Tempatnya nyaman, bisa jadi tempat kongkow bareng teman. Sekedar singgah sejenak untuk makan siang, bisa juga untuk acara menginap. Ada kolam renang dan wisata panen selada air. Out Bond dan tubbing.."
Yanda Putri Andini,5,4 tahun lalu,"Tempat terbaik, nih! Dengan nuansa tradisional~ Yuk marii, pesen paket makan bisa gratis tiket masuk dan berenang cuyy! Tunggu aplagi, viewnya alam sekali~"
Nita Belawati,1,4 tahun lalu,"Anting hilang didalam kamar yg terkunci.hilang 1 saja.padahal secara logika  tidak bisa hilang 1 karena saling berkaitan.tidak ada tanggung jwb sama sekali utk kejadian ini,curiga yg bisa membawa kunci double.tidak aman sama sekali pokoknya utk menaruh brg berharga didlm kamar,terus untuk cara peneguran ke pengunjung seperti pengunjung itu maling saja tidak sopan sama sekali"
Bobi Kampus,5,6 tahun lalu,Enak bawa keluarga nginep rame2 kayak acara reunian atau arisan gtu.. Saya nginap room untuk 2kamar bisa nambah bed tidur rame2...pagi bangun ...udara sejuk..lanjut dengan fasilitas Outbond . ok deh pokok nya
Destroyer 666,5,6 tahun lalu,"tmpatnya kecil..cocok buat hiburan anak kecil..air kolamnya sejuk..
kl berkunjung bwa cemilan sendiri lbh ccok krna di tmptnya tdk menyediakan cemilan..hny makan aja"
blackdev1l imam,5,5 tahun lalu,"Mantap
Mau kesini lagi
Makanannya enak2"
Rikha Noviana,5,5 tahun lalu,Sejuk seger dan tenang.. Makanan enak2
Sulis Gattuso,5,6 tahun lalu,"Wisata alam edukatif, bagus buat outing class. Disana merupakan rumah makan dan rekreasi. Ada gazebo dan spot2 yg unik untuk tempat makan, ada kolam renang, ada arena out bond, ada kebun bunga, ada juga wisata petik apel."
None FB,3,8 tahun lalu,"tempatnya hommy..makanannya juga lumayan kok,harga merakyat,suasanya asri,adem,seger juga karna banyak tumbuhan.cocoklah kalo cari wisata keluarga yg murah,tp cozy.. *gk takut kena hujan juga krna ada  gazebo nya"
Adam Satrya,5,2 tahun lalu,Staf nya sangat ramah dan membantu. Tempatnya bagus serta harga terjangkau. Porsi utk sarapan juga banyak. Roti nya enak
Miss Merlin,3,4 tahun lalu,"Banyak tai cicak, air panas sempat mati, datang petugas langsung benerin, check in 1 jam lebih awal kena cas 50rb,
Masakan lumayan, view pemandangan oke"
Emi,3,Diedit 2 tahun lalu,Kebersihannya kurang. Mungkin karna musim hujan jadi banyak tempat yg berlumut. Apalagi area kolam renang. Jadi ga savety karna anak² bisa saja terpeleset.
yanti damayanti,4,3 tahun lalu,"Suasana asri yg jarang kita temukan d tempat wisata lain, semua dapat kita temukan di taman dolan. Begitu jg u fasilitas yg d sediakan dan ngga ketinggalan. U makanan dan pelayanan nya. 👍⭐5 …"
ItsMeOpiq,5,8 tahun lalu,"Tiket Masuk sangat terjangkau, Anak² 5K, Dewasa 10K.
Kolam renangnya Cocok untuk anak-anak yang sekedar ingin bermain air ataupun belajar berenang."
Adit Baktiar,5,3 tahun lalu,"Bagus , asri, dingin,suasananya menyenangkan dan staffnya ramah2....cuma kurang 1 minta tolong di tiap omah disediakan wastafel,,,,bisa diluar atau didalam"
yaelah kepoo,5,6 tahun lalu,"Taman dolan adalah tempat  rekreasi yang sangat komplit, disana akan ada berbagai kolam renang, tempat permainan, tempat makan, dan disana juga ada penginapan. Taman dolan terletak di Desa Ngujung Pandanrejo di pinggir jalan. Tempatnya nyaman untuk semua kalangan dari yang remaja sampai anak²"
Rida Natin,5,3 tahun lalu,"suasana homestay yg berbeda dari biasanya, sarapan enak dgn penyajian yg menarik, mas² dan mbak² nya ramah sayangnya wifinya gak connect"
Gabriel Jerico,4,7 tahun lalu,"Permainan yg ada disana hanya ada kolam renang &  arena outbound
Disana juga menyediakan seperti penginapan
Menu makanan disana bervariasi & mudah dijangkau dalam menu paket"
Ririen Wisma,4,6 tahun lalu,Tempat sangat cocok buat liburan bersama keluarga. Ada kolam renang anak2 dan dewasa. Tersedia juga menu masakan lalapan dll. Tiket masuk terjangkau..
Issa Alamsyah,4,6 tahun lalu,Tempatx lumayan buat liburan keluarga..murah meriah..10rb tiket masuk..kolam renang ada mulai anak2- dewasa..tempat makan lesehan..ada mini aula
KHANZA MIYU,5,5 bulan lalu,Sangat ramah anak
hery suryawan,5,7 tahun lalu,"Tempatnya bagus,terdapat kolam renang untuk dewasa dan anak anak.
Pemandangan sekeliling banyak pepohonan dan sawah
Bisa sekaligus menikmati kuliner bersama keluarga"
Sarah Ibrahim,5,Diedit 6 tahun lalu,Keren. Cocok untuk rekreasi keluarga
Eliza Maini,1,6 tahun lalu,"Akses masuk ribet tidak nyaman, kamar hotel kotor, pintu kamar mandi rusak (bolong) tdk bisa dikunci,kamar byk sarang laba2 di salah 1 kamar(kebetulan saya pesan 4 kamar),kurang puas dgn pelayanan nya pegawai nya kurang cekatan,gak ada air panas,tisu,dan tempat sampah dalam kamar. NO RECOMENDED!!!KECEWA BANGET beda 100% dgn review nya."
niekmah sakinah,5,4 tahun lalu,"Lumayan nyaman, pelayanan juga lumayan baik.

Hanya saja terlalu kaku kurang fleksibel.

Meskipun ada hal yang membuat keluarga besar kami agak kecewa, overall lumayan laa...

Semoga lain waktu bisa lebih fleksibel dan saling memahami. win win solution gitu laaahhh....

Tetep bintang 5 kok..."
KHR tour,5,4 tahun lalu,Nuansa Alam yg asri cocok untuk keluarga
agus salim,5,2 tahun lalu,"Menu masakan khas enak, hanya masukan kolam sering di bersihkan dari daun kering yg tidak bisa di hindari"
Wahyu Sigit Jatmika,4,5 tahun lalu,"Cocok buat tempat liburan bersama keluarga, ada kolam renang untuk anak2 sampai dewasa, ada tempat untuk outbond, lokasinya mudah dijangkau, cuman sayang tempat parkirnya kurang...jika pengunjung sdh penuh masalah parkir kendaraan yang datang terakhir bisa menutup jalan kendaraan lainnya.... oh ya, bagi prnghobby kuliner....tempat ini sangat cocok, masakannya enak, tersedia menu paket..,. pokok nya hmmmm.....silahkan mencoba dan datang....tidak akan kecewa...satu lagi...ada home stay nya loh....bisa buat acara2 gitu....sip pokoknya .,.tempat parkirnya ya....semoga kedepan lebih baik..."
Febri kuma asmarani abas,5,6 tahun lalu,"Asyik tempatnya asri..namun akan lebih baik disitu ada beberapa area/saung yang disediakan khusus untuk mainan tradisional, pelayanan nya juga ramah. Asri banget temmpatnya asik untuk liburn keluarga.. Harganya juga terjangkau.. Pingin kesitu lagi.."
arnisa wira,2,7 tahun lalu,"musiknya jelek suaranya bikin pusing, gajadi nyaman makan ditemani musik kayak gini. tempat makan lesehan sebelah kolam renang becek, jadi nggak bisa dibuat duduk. pelayanan restoran lama"
nadhir dicky perdana,1,5 tahun lalu,"Tempatnya sempit kalau pas habis hujan naik turun  licin , kotor, tidak luas , banyak nyamuk, konsep tempat wisata tdk jelas, fasilitas buruk, dan harga tiket dirubah dengan menggunakan spidol, dr harga 10 rb, menjadi 15000 dan ada juga yg berubah tulisan menjadi 19000 gazebo juga sangat tidak nyaman bercampur dengan celana basah milik anak2 kecil yg renang. Sorry 🙀"
Enteng Sreng,5,7 tahun lalu,"Tempatnya sejuk, harum, recomended pakek banget. Cocok buat kumpul keluarga ,sewa penginapan udah free kolamrenang,permainan tradisional,ada magic bambu juga, udah 3 kali kesini gaada bosennya. Terima kasih taman dolan"
Fitri Handayani,4,3 tahun lalu,"Tempatnya sejuk,, kolam renang gratis cm suruh beli makanan aja, min 35rb perorang. Masakannya enak,"
ani istiqomah,4,setahun lalu,Makannya murah dan tempatnya nyaman apalagi yang untuk bawa anak kecil
Danny April,4,7 tahun lalu,"2 kali ke tempat ini dengan membawa keluarga yang berbeda, kesannya positif.. Pelayanan tdk mengecewakan.. Lengkap --> resto, outbond, kolam renang, mainan jadul, kebun.."
Selli Rakhmadhoni,3,4 tahun lalu,"Serem bgt tmpat nya :"") kalo udh mulai sore
Udah dpt sih nuansa pedesaannya,, tapi makanan di resto nya loh enak enak apalagi ayam goreng nya :"" favorito"
indahbordir sidoarjo,4,4 tahun lalu,Bersih. Makanan enak. Kamar lumayan. Ada air panas. Selimut seprei bantal bersih. Bisa jadi alternatif menginap bersama keluarga
Jeeniayu rahmawati,5,6 tahun lalu,"Pertama kali outbound di taman dolan dan homestaynya best banget,kamarnya bersih nyaman bener"" jauh dari perkotaan,makanan bacemnya yg gagal move on ... selalu rindu dan rindu,pasti nginep di sini fasilitasnya best banget pelayanan juga pkoknya best lah 🤗 harga murceee …"
yudha setiawan,4,8 tahun lalu,hawanya sejuk karena bersebelahan dgn areal persawahan.kolamnya bersih dan airnya segar.parkir kurang luas sama pesen makanannya lmayan lma.tp recomended untuk tempat wisata keluarga 👍 …
Anisa Q A,5,3 tahun lalu,"Buat yg pgn staycation dan yg cari tempat untuk healing, homestay ini recommended bgt. Tempatnya nyaman, breakfastnya enak. Kalo ada waktu pgn banget balik kesini lg! Thankyou Taman Dolan!"
ikhe Ambarini,5,5 tahun lalu,"Taman Dolan merupakan tempat peristirahatan yg apik sejuk dan nyaman, tempatnya asri membuat suasana hati jadi tentrem karena jauh dari kebisingan kota, banyak kamar, terdapat 4 kolam renang 2 anak2 dan 2 dewasa airnya dingin tapi seger banget #LocalGuide #LocalGuideSurabaya #LocalGuideIndonesia @LocalGuide @LocalGuideIndonesia"
enik fatmawati,3,8 tahun lalu,"Kolam renang nyaman untuk anak-anak, mainan tradisional menambah pengetahuan, sayangnya menu makanan kurang lengkap karena di  tempat ini tidak boleh bawa bekal"
Rifky Ahmad,2,7 tahun lalu,"Keunggulan pemandangannya bagus, menyenangkan tp yg disayangkan toiletnya banyak uler atau apa gtu sm pas menjelang subuh air panasnya mati, komplain pake telpon di penginapan gabisa, akhirnya nyamperin ke kantornya nyari petugas penginapan nggak ada, adanya cmn satpam yg jaga parkiran tp satpamnya gatau mslh itu, dan kata satpamnya yg jaga pulang.. hmmm"
anggia siwi andarasati,5,Diedit 3 tahun lalu,"Cocok untuk healing nih...tenang, view nya bagus,,ada suara gemericik air dan kodok khas pedesaan....
Adem banget...
Makanan pun enak...
Recomended deh pokoknya"
Faizal Yusuf,5,6 tahun lalu,"Tempat bagus unt keluarga.. kami mengenalkan anak anak unt mengenalkan alam pedesaan .. mengenalkan profesi petani, cara petani menanam , ada kegiatan namanya ""Matun"" ambil tanaman liar/rumput ...ada saatnya ibu petani kirim makanan ke petani.. kami ajarkan dengan contoh arti berjuang dari petani.. bukan dimana lahannya tetapi siapa petaninya.. dan jelaskan arti prinsip pertanian.."
Gunawan S,4,2 tahun lalu,Terimakasih atas pelayanannya walau cuma menginap semalam bisa menikmati suasana alam yg sangat nyaman
Anik Alvilah,2,6 tahun lalu,View bagus...sayang fasilitas kurang memuaskan.kamar TDK di lengkapi telepon.tidak semua kamar di lengkapi kamar mandi .kamar mandi di luar seperti ponten.padahal harga kamar lumayan mahal.makanan enak.tp sayang breakfast cuma dapat menu 1 macem.
Windro Susanto,5,Diedit 7 tahun lalu,"Taman silam taman wisata keluarga yang sederhana dengan nuansa pedesaan di lengkaplah dengan area main ,outbond kolam renang, untuk dewasa dan anak anak dan ada resto nya ,, tempat bermalam buat 2, orang 4 0rang 10 orang dengan harga yang variasi ,, serta pelayanan karyawannya ramah  dan view bagus kota batu dan pegunungan ...yang bagus ... udara sejuk dan seger..."
rahmi prasetya,5,7 tahun lalu,Cocok buat yg nyari suasana pedesaan
Taman Rewin,5,7 tahun lalu,nyaman santai untuk rekreasi keluarga dan membawa anak untuk edukasi berkebun fasilitas cukup tersedia menginapun benar2 susana pedesaan
dwi santoso,5,5 tahun lalu,"Cocok utk wisata keluarga bersama anak, agar lebih mengenal permainan tradisional. Makanannya enak dgn harga yg relatif murah."
Dapur SerbaSerbi,5,4 tahun lalu,"30 menit dari citra homestay Batu, pas banget jika ke batu stay nya di citra homestay dan dolan di taman dolan. Bangunan yg klasik dan asri cocok untuk keluarga anda. Pesan di 081334560405 untuk reservasi citra homestay atau cek di ig nya"
efata yohana,4,4 tahun lalu,"Cukup menyenangkan, suasana asri dan menyatu dg alam. Sayang masih banyak spot2 yg kurang terpelihara baik dan belum selesai. Selebihnya ok."
Andreas E.C Prabowo,4,4 tahun lalu,"View nya bagus pas dapat kamar di tingkat atas.
Sayang ketika ppkm arena bermain tidak beroperasi. Area gubuk di sawah bagus sekali, cocok buat bersantai."
9 Dhiyaulhaq Hilmy Maulana,2,setahun lalu,"Makanan ne enak,mantap
Tapi pelayanan ne bobrokkkk,lamaa
Sy datang jam 3 makanan baru datang hampir 2jam"
lestiarti sasliningtyas,1,7 tahun lalu,"Tempatnya ok tapi pelayanannya gak ok...pesan kamar isi 10org tp handuk cuma 4, sandal cuma 2 pasang...makan pagi pun sempat bermasalah dikasih cuma 2 org, pdhl kita tambah xtra bed yg totalnya untuk 10org...semoga kedepannya diperbaiki"
AltaFocus Group,5,5 tahun lalu,"Salah satu tempat rekreasi yang nyaman dan enak. Berbagai fasilitas juga ada, namun sayang akses parkir masih outdor. Semoga kedepan lebih baik lagi"
Agus Prianto79,5,setahun lalu,"Tempat yang asri, alami , recommended banget pokoknya , untuk keluarga juga pas banget, fasilitas komplit.."
Desita N. A,1,2 tahun lalu,"Klo utk wisata keluarga sih oke, cmn klo utk wisata sekolah anak TK enggak banget.. mana gk ada warung, klo butuh sesuatu jd bngung"
odik fatichul,4,3 tahun lalu,"Suasana tempatnya seperti dipedesaan, sejuk, klo malam terasa banget menyatu dg alam 😊😊😊, dekat dg tempat"" wisata. …"
Mafioso Oke,5,3 tahun lalu,"Mantaaap... keren, rapi, bersih"
Pak hadi suprianto,5,setahun lalu,"Tempat yg nyaman,,asri dan tentram,, suasananya bernuansa pedesaan seperti Ubud Bali"
Rud Yanto,5,7 tahun lalu,"Enak nyaman utuk referesing bersama keluarga, anak anak bisa berenang orang tua bisa santai di gasebo sambil menikmati pesanan makanan yang ada di cafe"
Udin tmOn,3,6 tahun lalu,"Bwt menagemen TD.tlong diperhatikan lalulintas pas Liburan.krena tiap liburan akhir taun ato lebaran. Lalulintas patat. Pasti ada Laka.. Baru""ini gara"" ada jln berlubang trus dtutupi plang. Dan mengakibatkan mobil ambl jlur arah barat. Dan kndaraan yg dr arah barat. Jdi kaget dan pengendara sepedah motor amblas kegorong"".kasian korban nya.bang mita khususnya. Trima kasih"
Dani Angga,3,7 tahun lalu,Msh perlu menambah dan perbaiki fasilitas yg ada
Reni Dwi Indrawati,4,7 tahun lalu,Tempatnya lumayan bagus... Karna masih dalam proses pembangunan... Tapi untuk wahana jelajah lumayan lah untuk mendidik anak mengenal lingkungan... Sawah...
Khoridatul Mutamimah,3,8 tahun lalu,Tempat nya enak buat momong anak
Maya Candra,5,6 tahun lalu,Suasananya enak banget pelayanannya ramah dan bersahabat keren tempatnya next time ada semacam lahan utk bisa dijdkan acr petik2 buah ato sayur 😀😀tp utk keseluruhan keren👌👌 …
Jovita Indriani,1,8 tahun lalu,"Murah. Lebih cocok untuk bawa anak² sekolah outbond.
*maaf* dasar untuk kolam msh kotor/bnyk yg rusak
Alat permainan jg ada minus."
Agam Alfatih,2,Diedit 4 tahun lalu,"Gak sesuai sm.namanya,, taman dolan.. dolannya dimana??? Cm kolam renang aja buat anak2, itupun kolam.biasa & kecil.. tempat makannya jg krg bersih, ya untg nya makanannya enak sih.."
Rahmad Afandi,4,6 tahun lalu,"Sangat menyenangkan dengan konsep keluarga,fasilitas kolam renang dengan gazebo di kiri kanan.udara sangat segar karena banyak sekali pohon tinggi dan bunga"
Rida Rohiyani,5,6 tahun lalu,"Pernah bermain ketempat ini harga tiket 15 ribu/orang,,asyik juga untuk berfoto selfie,, ada kolam renang,, dan tempat makan yang cukup asyik dengan menu makan penyetan dll"
arie murti,5,8 tahun lalu,karena panorama alami jg susananya tenang banget
SAHAT SIMATUPANG,5,5 tahun lalu,Pegawainya ramah2 dan Tempatnya nyaman buat keluarga
Sri Suharsi,3,6 tahun lalu,"Waktu pesen menu paketan, Ternyata Ada box yg Kurang lengkap isinya. Bahkan minumannya pun hrs diingatkan krn kelupaan disajikan."
Serdadu 87,4,setahun lalu,Lebih mengutamakan pelayanan service kedepannya agar tidak terjadi kesalahan dalam pemesanan atau salah komunikasi
velania mei,4,5 tahun lalu,"Tempat nyaman, dan makanan enak. Cm harus sabar menunggu menu nya, krna bnyaknya antrian pesanan dan seperti nya karyawan nya kurang."
Paulina Nia,3,5 tahun lalu,"Saya kira ada spot spot bermainnya banyak, ternyata cuma kolam renang sama penginapan saja. Kalau bisa ditambahi spot nya biar menarik"
Dimas Paradise,5,6 tahun lalu,"Pengalaman saya ditaman dolan sangat seru , untuk karyawan nya sangat ramah saya suka banget🥰🥰, makanan nya enak plus murah, outbound nya seru banget untuk trainer nya semoga makin solid lagi 👌🏻👌🏻 …"
Tri Wahyu,3,2 tahun lalu,Kolam renangnya murah..tp sayangnya kamar mandinya ga ada lampunya. Huft
Amayda Widiyasisca,3,7 tahun lalu,"Pelayanan kantin lumayan lama.. Sarapan hrs tanya 2x, tryt blm dbikin. Psen cappucino+kopi jahe smp lupa. Perjalanan plg baru keingat, pdhl sdh dbayar 😄 …"
Kylaa Anindtaa,1,3 tahun lalu,"G bgt,masa kolam renang nya bikin gatel si? terus kamar mandi di kolam renang juga kotor. Staf nya ga bisa promosi"
Icun Nurmazidah,3,8 tahun lalu,"datang pas liburan.. jadi rame banget ngk bisa nikmati pemandangan dengan santai karena banyaknya pengunjung, juga ngak bisa menikmati hidangan yang ditawarkan karena anteran yang paaaannnjaaaaannnggg... kudu nyob apas sepi biar tau dan bs komentar dengan lebih obyektif"
ceria kur,5,9 tahun lalu,"tempat nyaman, makanan enak, cocok buat main dg keluarga, ada kolam renang dewasa & anak2."
arif rahman Hakim,5,6 tahun lalu,Tempat makan dan berenang seru
LA Ani,5,3 tahun lalu,Bagus murah makanan e oke yg kurang kolam renang nya kotor sayang sekali
donal duck,4,5 tahun lalu,"Tempatnya bagus,bersih.. Cocok buat wisata bersama keluarga . Ada kolam renang, penginapan dll. Suasananya asri.."
Rani Soeraniningsih,1,7 tahun lalu,Pelayanan sangat buruk..pesanan keliru berkali-kali. Sampek makanan sdh selesai minuman blm datang. Harus bolak balik sampek 4 kali ke kasirnya nanyakan minuman. Not rekomended blassss
Herry Nagata,3,Diedit 2 tahun lalu,Tempat rekreasih bareng keluarga yang murah meria kita sudah sepuas nya bermain air dan terdapat resto di area pemandian ..
Adzkia Salma,5,setahun lalu,udah 4 kali renang di taman dolan. bagus nyaman poll
Ardika Wijanarko,1,6 tahun lalu,"Secara konsep saya suka. hanya saja terlihat kotor dan kurang perawatan, sarana prasarana dan kolam renangnya juga."
nur candra,4,7 tahun lalu,Tempatnya sungguh tenang jauh dari suasana bising dan ribut. Hawanya sejuk dan pemandangannya indah. Menawarkan suasana pedesaan dan pemandangan sawah dengan konsep seperti di ubud.
Mai Mai,3,7 tahun lalu,"Bagus,cuma kebersihan kurang"
YULIANAH S.Pd.I,5,2 tahun lalu,"Alami, sejuk, udara segar. Next time datang lagi untuk menikmati indahnya suasana alam"
octa samuel arifianto,1,9 tahun lalu,"Nunggu makanan sampai sejam, setelah disamperin ternyata belum disiapkan.. ga hanya saya saja dan byk juga yg mengeluh mengaku hal yg sama.. tidak rekomendasi sekali.. tidak siap membuka usaha.."
Syarifah A,5,7 tahun lalu,Sangat recommended untuk keluarga yg mau menginap dgn suasana alam dan sangat affordable deh di kantong...sgt cocok untuk anak2
Cuncun,4,5 tahun lalu,"Untuk penginapan nya kurang lengkap aja d dlm nya. Gak dksh tmpt sampah, gk ada meja + kursi"
mochamad huda,3,7 tahun lalu,"Tempat wisata yg cuku. Menarik untuk keluarga, dg kolam renang kecil, gazebo dan view alam pedesaan dan hamparan sawah nya"
Sulistianto,4,Diedit 6 bulan lalu,"Konsepnya warumg lesehan yang dilengkapi dengn kolam renang sebagai penarik wisatawan, tapi sayang fasilitas tempat bilas atau kamar mandi masih kurang bersih"
jhonsby thor,5,5 tahun lalu,Enak buat keluarga... harga murah dikantong..
Rana Jauhara,5,6 tahun lalu,"Fasilitas lengkap untuk gathering atau outbound, penginapan, tempat makan, kolam renang, trainer untuk outbound, tubing river, dan suasana alamnya menyenangkan..pelayanannya pun memuaskan.."
Ayu Setyo Ardila,4,8 tahun lalu,Pemandangannya oke punyaaaa 😍😍 …
mamad caping,5,Diedit 5 bulan lalu,Kolam renang gawe pemula dan anak anak oke
Robby Hendryanto,4,5 tahun lalu,rindang n sejuk...semoga lebih baik lagi
bunda eva,5,4 tahun lalu,"2x nginap disini.
Tempatnya nyaman, sejuk, pelayanannya ramah.
Bikin betah klau kesini. Anak2 sy paling senang di ajak kesini"
Eko Prajitno,4,Diedit 2 tahun lalu,Kami menginap lagi di taman dolan banyak perubahan dan kami ikut outbound...bagus acaranya dan memuaskan
CUSNIA WIDI71,4,6 tahun lalu,"Pass buat fam time, ngadeeem"
Azizah Pradana,3,Diedit 7 tahun lalu,"Ada paket makanan tumpeng dg rasa yg enak, kolam renang, lokasi pinggir jalan utama, sayangnya parkir kurang luas"
Galih Ayu,5,6 tahun lalu,"Lokasi trategis, tempat nyaman terdapat kolam renang juga. Selain itu rasa makanan juga enak. Tempat ini cocok untuk makan bersama keluarga"
ruhbatudian rumah baca tulis dian,4,5 tahun lalu,"Good place, good mood and good food.
Saran: porsi nasi dalam paket lima orang lbh baik ditambah. Lalapan nya jg harus lbh lengkap."
Baim and Yasmine Official,5,2 tahun lalu,"Taman dolan merupakan destinasi wisata yang mencakup kolam renang, penginapan, river tubing, tracking air terjun, sumber mata air, petik buah dan sayuran"
Norman Marantika,3,7 tahun lalu,"Tmpat wisata baru, banyak yg masih tahap pembangunan, kamar ok, suasana asri, makanan biasa aja, disajikan ketika sdh dingin"
fajar chasa,5,6 tahun lalu,"Tempat yang enak bgt buat outbond, ada penginapan homestay, rumah makan, hall, kolam berenang, dll . Cocok utk kegiatan rame2"
Maya Prasetyo,3,4 tahun lalu,"harga terjangkau , suasana sejuk
hanya untuk kolamnya kurang sedikit inovasi dan wahana bermain sangat minim"
Muhammad Nurrahman Rifai,5,7 tahun lalu,"Seru, sayang kurang/blm komplit. Maklum msh baru kayaknya. Tp yg penting, personilnya, familyer banget. Kayak sdh kenal lama. Mas Tofa, mbak Fifi, mBak Galih, Teh Annisa. Makasih semuanya ya kemarin (18-11-'18)."
Ricko Ardya,5,7 tahun lalu,"Tempatnya nyaman, sejuk, ada kolam renang dan arena outbound. Mau acara rame2 bisa juga nih"
ridzky aditya saputra,5,4 tahun lalu,Fasilitas memadai. Harga terjangkau
Sahla Horseback Archery,5,9 bulan lalu,Satu kata...Amaziiiiing.....gak percaya???? datang dan buktikan sendiri
Kaira Biyan,5,7 tahun lalu,"Kamar kayunya bagus, apalagi ada kamar mandi dalam juga. Bangun pagi disambut sawah di sekitar"
Arvita Ps,4,7 tahun lalu,Asri dengan pemandangan sawah dan desa sekitar lokasi.. gak terlalu ramai..jadi bisa nyaman main air bersama anak
Dippoynter,5,6 tahun lalu,"Makanannya cocok di lidah kami sekeluarga. Tempatnya nyaman, bikin betah berlama-lama di sana. Udah gitu aja."
Dalebo Sembilan,5,2 minggu lalu,Bagus tok le
Mohammad Hudha,3,6 tahun lalu,Penataan dan suasananya biasa aja. Masakannya biasa
Didit lugmana,3,2 tahun lalu,"Asri, bersih, nyaman... Ada paket makanan include htm kolam... Murah meriah"
hindarto prasetyo,5,7 tahun lalu,Tempat bagus / bersih / palayananya baik murah senyum... harga lumayan murah untuk vila nya.. bagus lah untuk acara keluarga😊 …
ninik hariyani,4,2 tahun lalu,Bagus..tiket murah.. tempat nya nyaman cocok u alternatif weekend sekeluarga...
Agus Basuki,5,5 tahun lalu,"Tempat ngumpul dan bikin acara di lokasi yang memiliki sarana yang cukup lengkap dan ethnic.
Dengan pemandangan alam sekitar yang cukup indah dan segar."
Taufik,5,7 tahun lalu,"Cocok untuk rekreasi keluarga,harga ekonomis"
Ayu Tiar,3,7 tahun lalu,"Fasilitasnya beragam, tempatnya bagus, cuma kurang terawat. Saya belum coba makanannya sih.."
mbak Ervinah,5,2 tahun lalu,"Tempat menarik, view nya indah dan hijau. Sejauh mata memandang hamparan hijau sawah. Cocok buat healing"
aditya ms 91,5,4 tahun lalu,"Tempat enak, ckup nyaman.."
vikki iriyanti,4,4 tahun lalu,"Kesini 2x ini tp sayang skrg mainan tradisionalnya SDH gak ada. Waktu pertama kesini masih ada egrang, holahop, bakiyak dll"
Risma Kumala,3,5 tahun lalu,"Tempat oke hanya ,bnyak fasilitas yg tdk terawat, kolam juga kotor.Sangat di sayang kan"
hasan hasan,1,4 tahun lalu,"Harga paket makanan ternyata jatuhnya lbh mahal, makanannya luamaaaa datangnya, padahal sudah pesan bbrp hari sebelumnya untuk di hidangkan jam 11, kecewa"
Yasmin khalisah Aulia,4,5 tahun lalu,Lumayan bagus
Sari Suryana,5,5 tahun lalu,View oke
Dory muhammad,4,3 tahun lalu,"Rekomendasi untuk anak muda.
Tdk rekomendasi untuk ngajak orangtua(krna menuju kamar& restoran curam tangganya).."
V Wardhana,4,6 tahun lalu,"nyaman, hommy, kamar mandi bersih, air panas siap 24 jam ... breakfast mantab ..
ada karaoke, spot foto oke"
udin adil,1,5 tahun lalu,tempatnya biasa aja. pelayanan kurang bagus.fasilitas bnyak yg tdk bisa di gunakan. seperti air panasnya tdk bisa
Nugraha Setiawan,5,5 tahun lalu,"Suasana alami pedesaan. Enak buat liburan keluarga. Makanannya enak dan pas porsinya.
View juga bagus."
Wisata Rafting Kaliwatu,4,6 tahun lalu,Bersih sejuk buat melepas lelah
maryuhen tri,3,8 tahun lalu,"Tempat bagus, harga terjangkau tapi sayang pelayanannya kurang, ada 1pesanan sampai nggu 2jam blm datang"
Nargis S,5,7 tahun lalu,"Kamar nya nyaman, makanannya enak, pelayanannya bagus. Harganya sangat terjangkau. Cocok untuk penginapan keluarga."
Nugroho Haris,3,4 tahun lalu,"tempat asri n sejuk, tempat makan waktu hujan kurang nyaman karena bocor atap nya, makanan lmyn enak"
Heri Purnomo,4,6 tahun lalu,Sesuai buat outbond anak2
Thyas Pekha (Thyas),3,5 tahun lalu,Lumayan view-nya...
Putra Penanggungan,4,6 tahun lalu,Tempatnya bagus.. Kolam renangnya mhn ditingkatkan lg kualitasnya.  Plus mainan anaknya msh kurang
YULIONO JOE,3,6 tahun lalu,"Destinasi wisata yg ckp menghibur bersama klrg dan anak"". Bisa unt out bond. Fasilitas warung makan, kolam renang, penginapan dan out bond."
Hermes Milyader,4,7 tahun lalu,Tahu permainan tradisional jadul
winda tri,2,6 tahun lalu,"Ga sesuai ekspektasi,, 🙄 kolan renang kotor, sarapan pagi nya jg sotonya tumpah2 jd males makane …"
Hadi Susanto,3,6 tahun lalu,"penginapan yang menonjolkan kesan etnik
masakan khas jogja manis
view yang sangat menarik
tapi perlu ditingkatkan pelayanannya"
Nabila R Zain,4,4 tahun lalu,"Tempatnya nyaman buat nginep, suasananya juga suasana pedesaan... Lumayan refreshing sebentar dari suasana perkotaan"
rony robiq,5,2 tahun lalu,"Pelayanan baik ...
Masakannya enak ...
Pokoke mantap ..
Alhamdulillah rombongan pada puas... 😍😍😍"
Afidatun Nisak,5,2 tahun lalu,"Tempat bersih
Makanan enak
Porsi makanan banyak
Sudah dapat minum"
Riskal Bayu Saputra,5,6 tahun lalu,Mantap menenangkanuù
Fakhruddin Yusuf,3,8 tahun lalu,"Area parkir terbatas, kalo sore pesan makanan beberapa item udah gak tersedia."
IRMA WIDY,4,6 tahun lalu,"Tempatnya super enakk, alam banget, ada kolam renang. Menu makanan yg biasa sajaa"
Ngamenria Official,4,7 tahun lalu,"Bagus untuk outbond suasana alam pedesaan. Ada tali temali, kolam renang, permainan egrang, holahop, dan penginapan kayu"
nia belva syaichuddinia,2,6 tahun lalu,"Tempat menyenangkan, tp pelayanannya lama..
Belum jg rombongan makan semua sudah d kemasi 🤦‍♀️😪😪 …"
Fitria Rahani,5,4 tahun lalu,"Tempat yang menyenangkan untuk menghabiskan waktu bersama keluarga..
Bisa berenang dan makan bareng keluarga disini.."
Prasdi antoro,5,5 tahun lalu,"Kalau menurut ku pribadi tempatnya biasa saja sih, tpi untuk guidenya anak² SD top deh"
mama ayu,4,3 tahun lalu,Tempat nya bagus dan karyawan nya juga ramah2 💜 …
Rena Rosalina,5,6 tahun lalu,"Tempat yang asri,buat wisata edukasi lumayan,petugasnya ramah"" dan telaten ......untuk penginapannya belum nyoba"
Cips Susilo,5,3 tahun lalu,Enak buat tempat liburan keluarga lengkap dengan kamar dan makanan jg kolam renang
Bunda Dian Channel,4,6 tahun lalu,"Tiket masuk 10.000.
Kolam renang
Menunya mantap
Cuma kurang luas"
Andy wahyu wibowo,4,6 tahun lalu,Klo utk kolam n suasana biasa aja.. Utk makanannya lumayan enak lah..
didik sudaryono,4,7 tahun lalu,"Buat yang ingin merasakan kembali suasana kesederhanaan suasana desa dikelilingi sawah dan kebun, serta mainan tradisional yang semakin jarang ditemui dapat ditemui disini...."
Risa Nur Faizatur Rohmah,4,3 tahun lalu,"Ada kolam renang nya, ada pemandangan yang subhanallah indah sekali , cocok buat foto-foto"
Ari Rindawati,4,Diedit 4 tahun lalu,Suasananya enak. Bisa liat petani panen sayur langsung. Menu makanan yang enak ayam ingkungnya
Dendy Surya Bakti,4,8 tahun lalu,"Karena menu makanan yang enak dan sehat ditambah dengan pemandangan pegunungan yang indah, juga ada kolam renang nya"
Paimo Adi,5,6 tahun lalu,Hotel dan outbound center yang tematik nuansa pedesaan Jawa dengan harga relatif terjangkau. Juga untuk wahana edukasi dan permainan anak
Kang Mas Prabu,1,7 tahun lalu,"Makanan tidak.enak, mahal sekali.."
Elly Susiana,5,7 tahun lalu,Ikan bakar madu dan ayam bakarnya rekomen banget deh.  Tempat luas.  Banyak tempat main. Puas makan dan main disini.
Riska Febriana,5,4 tahun lalu,Kurangnya fasilitas mainan anak di lapangan atas... Tambahin ayunan jugaa sama seluncuran.
845pro TV,5,2 tahun lalu,"Nyaman
Ubud Balinya Batu"
Dian Ayu,5,7 tahun lalu,Tempat yg cocok untuk melepas penat. Dengan suasana penginapan di tengah sawah yg asri dan sejuk
wahyu hidayat,5,6 tahun lalu,Mantab buat santai sekeluarga
Fery Ardyanto,3,6 tahun lalu,Suasana alam pedesaan yg tenang
syams ahmad krudiwo,4,6 tahun lalu,"Tempat yang enak untuk rekreasi bersama keluarga, da kolam renang penginapan,makan,out bond"
Sri Baktiasih,4,7 tahun lalu,"Tempat renang cukup bersih, tapi gk begitu gede. makanan ayam ingkung haucek... 👍 …"
Wismandaka Tri Ardana,3,7 tahun lalu,Tempat untuk outbond dan berenang anak anak. Kebersihannya kurang. Makanan lumayan enak
Feby Olivia,5,2 tahun lalu,"Tempat permainan air yg menarik, makanannya juga enak"
Deki Masinambouw,4,4 tahun lalu,Air nya dingin.... tapi segar😁 …
Defi sintiari,4,7 tahun lalu,Bagus bgt
Ayu Umairoh,2,5 tahun lalu,"Pelayanan kurang responsif,tidak recommended banget😥 makanan kurang lahh mohon untuk pelayanan ditingkatkan lagii,kebersihan apalagi yaaa❤❤ …"
Rovino 46,5,5 tahun lalu,"Sangat nyaman dan menenangkan ,,, suasana pedesaan banget deh pokoknya ☺😊 …"
Hadi Men,3,7 tahun lalu,Tempat renang mini kalau saya kira.. Dapat menghibur anak diwaktu wekeend... Selamat berkunjung dikota wisata batu
KHOIRUL ANAM,4,6 tahun lalu,"Saya suka suasananya di samping kolam renangnya,  bikin adem di hati plus udaranya seger banget"
Haikal Rudiansyah,5,6 tahun lalu,"Tempat enak wifi lancar, kolam renang ada 5 tapi agak kotor, jauh cari makan"
Oktavia Putri,4,7 tahun lalu,"Penginapan cukup terjangkau, ada kolam renang dan lesehan sekaligus. Makanannya enak"
Nur Isnaeni,4,4 tahun lalu,"Recommended buat keluarga yang punya anak kecil
Karena ada kolam renangnya"
Wahyu Winarno,4,Diedit 2 tahun lalu,Enak suasananya seperti pedesaan
dien Muvita,2,7 tahun lalu,Tempatnya kurang comfort buat dolanan anak2..mainannya nanggung dari kesan taman dolan..mohon bisa direnov lg ya dan mainannya bener2 sesuai namanya
meylina purnamawati,4,7 tahun lalu,"Makanannya enak, tempatnya asyik buat main anak2..cocok untuk keluarga"
Tuti Ismawati,4,4 tahun lalu,Receptionis ramah tempatnya kereeeen banget nuansa di pedesaan tapi bagus banget di tambah lagi makanannya enak banget gurame dan ayamnya
Sofia Novita Sari,5,6 tahun lalu,"Suasana nyaman, cocok utk liburan keluarga. Maupun gathering perusahaan. Outbound sekolah TK dan SD"
Sysmsu Rangga,2,6 tahun lalu,Suasana ok sejuk tata lokasi bagus.rasa makanan kurang ok klo harga standart
ali sugiarto,4,6 tahun lalu,bagi penyuka suasana pedesaan dan masa kecil yg penuh aneka rasa permainan dg rasa kebersamaan bukan individu
Sherina Bulan S.H,5,4 tahun lalu,Bagi pecinta alam mampir kesini yuk. Ada kolam renangnya juga
Firmansyah Akbar,5,7 tahun lalu,"Taman Hiburan , kolam renang dan penginapan yang sangat asyik dan menantang , dan juga ada air terjun Coban Lanang yang sangat bagus!"
Daning Puspitawati,5,7 tahun lalu,Buat ank kecil tempt nyamn makanannya enk murah lg pokok buat liburan ok deh 👍👍 …
Meirina Pradita,5,5 tahun lalu,Bagus banget tempatnya.  Kayak di junggle fun.  Banyak Gasebo untuk makan.  Dan banyak kolamnya
Titik Sulastri,4,Diedit 7 tahun lalu,Taman dolan bagus asri seger sayang blm ada wifi jadi mendengarkan suara kodok bernyanyi n gemercik air
Purwanto IM,4,7 tahun lalu,Lumayan seru sih... Kalau penginapan nyaman.. suasana alamnya sangat terasa...
Teresia Wiryandari,3,7 tahun lalu,Masih dlm taraf renovasi jd blm begitu nyaman. Pelayanan juga kurang. Harga kadang tidak sesuai. Yg tertera.
Budi P,5,7 tahun lalu,"Bagus sekali, nuasa pedesaan & ada kolam renangnya jg untuk outbond"
Fanisa Putri,4,7 tahun lalu,"Pelayanannya kurang, menurut saya kurang cocok untuk anak kecil dibawah 7thn. Saya kesini pada saat malam tahun baru"
Mas Ozan,5,3 tahun lalu,Tempat Asyik untuk acara keluarga atau team. Tempat asyik dan asri.. Rugi nggk mampir disini...
Amaliadwi Arfiani,5,8 tahun lalu,Tempatnya ademm nyamann dan tenang cocok buat liburann bersama keluarga 😘😘😘 …
Hafshah & Family Chanel,1,4 tahun lalu,"Tetap saja ..pelayanan  makanan lama.sekali
Sejak.dulu sampai sekarang ndak ada perbaikan  kah..."
Dwi Handoko,4,7 tahun lalu,"Tempatnya cukup nyaman, anak-anak puas berenang disana, tarif masuk murah"
Asnatius Adutae,3,7 tahun lalu,"Suasana enak utk istirahat, tapi utk rekreasi tidak memadai baik permainan maupun tempat ..."
noer miati,5,8 tahun lalu,"Enak sih main ke taman dolan serasa di desa, nyawah, renang, senang kalau buat outbond anak sklh"
harry semut,1,4 tahun lalu,Kecewa...sudah reservasi beberapa hari sebelum nya...tp pas datang room sdh di isi org laen
Arief Setiawan,5,3 tahun lalu,"Alhamdulillah...tempat wisata keluarga dan tempat outbond yg aman , nyaman dan representatif"
Muliati Muliati,4,7 tahun lalu,"Kolan renang yg alami dg nuansa pedesa an. Cocok buat anak"" liburann."
Asma' Nabila,4,8 tahun lalu,Sejuk nyaman resto n tempat bermain tradisional plus kolam renang
denny denny,5,7 tahun lalu,Suasana pedesaan tempoe doeloe...cocok buat liburan keluarga dgn konsep baru dan mendidik.
Wahyuni Sari,4,7 tahun lalu,Wisata yg murah dan kulinernya jg...gazebo banyak pilihan... pelayanan memuaskan...
Kiky D Amelia,3,8 tahun lalu,Sebenarnya bagus cuma agak kecewa krn air d kamar mandinya tadi pagi gk ngalir
Wibowo Prasetio,2,2 tahun lalu,"Teman bermain outbound, juga ada vila penginapan, dan dekat perumahan villa house."
Anggun Azizah,5,3 tahun lalu,Tempat nya nyaman enak bgt buat wisata
Bibit Rosida,3,8 tahun lalu,Cocok untuk wisata keluarga dan mengenalkan anak-anak pada macam permainan tempo doeloe
arif kurniawan,5,4 tahun lalu,"Tempat yang tenang untuk berlibur sama kluarga,dengan harga yg sangat terjangkau.."
Achmad Berlin Rifai Rifai,4,setahun lalu,Bagus airnya bersih dekat persawahan dan sumber matair
Maulana Fardan Alhamdi,5,7 tahun lalu,Saya sangat suka Taman Dolan yang berada di desa giripurno ini.karena disini kita bisa bermain sekaligus belajar.
Dargombes,5,4 tahun lalu,Rekomendet buat liburan keluarga
Itsme Linnz,5,6 tahun lalu,Tempatnya sangat back to nature....b
Fena Frezy,5,4 tahun lalu,"Harga terjangkau dan view nya oke banget, asri dan kamarnya nyaman banget."
Samsul Arifin,4,Diedit 6 tahun lalu,Cocok untuk Rekreasi bersama keluarga terutama bersama anak-anak (minimalis style)👍☺️ …
Rizky Wahyu Ulfayani,5,setahun lalu,Sukanya itu pilihan kolam renang nya banyak
Riski putra,5,7 tahun lalu,"Asyik banget outbond di taman dolan, instrukturnya juga ok banget, puas deh bisa outbond di taman dolan....OTP BGT..."
fendi jabrik,5,5 tahun lalu,Tiket masuknya murah.
Ulum Munawatul,4,6 tahun lalu,"Tempatnya alami, sayang belum jadi semua"
Melisa Setiowati,5,7 tahun lalu,"Bagus suasananya bikin betah, buat yang ingin berenang tinggal bayar 10 rb"
Najwa Putri,3,8 tahun lalu,Tempat wisata keluarga yg enak ada kolam renang dan menu makanan yg murah
Dedyku 13,4,7 tahun lalu,"Kolam yg ber view bagus, cuma tiketnya kalau bisa di permurah lagi"
Hari Sugiarto,5,7 tahun lalu,Keren tempatnya untuk mengajari petualangan anak
Dian Aris,5,6 tahun lalu,"Tempat yg sejuk, kolam renang disukai anak-anak dan harga yg terjangkau"
Cangkir Guru (Cangkir-Guru),5,2 tahun lalu,"Outbound nya sangat recomended, trainer nya keren keren dan kece. Dan sangat menguasai anak"
Hari Cesariyanto,2,5 tahun lalu,Sangat jelek dan biasa aja menurut saya dan harga tiketnya dgn tmpt sprti itu sangat mahal
Sarwono Aja,5,setahun lalu,Tempatnya nyaman untuk beristirahat. Sejuk banyak pohonan
chariroh fathoni,4,8 tahun lalu,"Viewnya bagus, kolam renang, permainan tradisional jg ada dan makanannya enaaak murmer"
Dewi Motiek,5,3 tahun lalu,"Gurami bakare endeeesss..
Jahe panas nya mantull..
Jahe asli, bukan sari jahe sachetan..
Suasananya tenang dan asri.."
Wiwin Indah (Ninamifamily),4,7 tahun lalu,tempat nya sip n lumayan buat anak bisa berenang n bisa makan hehehe
Salesman Sby2,5,7 tahun lalu,"Out born yang sesungguhnya, ada rumah yang terbuat dari kayu. Makanan juga terjangkau harganya."
Taufik Hidayat,5,2 tahun lalu,Suasana Pedesaan dan Nyaman
Lutfi Adi Nugroho,5,4 tahun lalu,"Tempat sejuk nuansa alam pedesaan, harga terjangkau, pelananan bagus"
Mister X,5,5 tahun lalu,"Tempat wisata yang friendly untuk anak-anak dan keluarga. Terdapat penginapan, tempat makan, dan wahana hiburan."
Endang Ari,5,6 tahun lalu,"Tempat outbond yang murah,berkualitas tapi sayang rasa makanannya kurang nendang"
Elok Jamilah,4,6 tahun lalu,"Tempatnya alami tapi medannya berat bwt saya, krn hrs naik turun utk menuju ke kamar hotel"
Putri sihombing,5,3 tahun lalu,"Bagus. Kamar nya Luas, Instagramabel, Ada sawah sawahnya, Ada pemandangan gunung"
Permadi,4,5 tahun lalu,Nyaman suasana berasa di zaman kuno...
Muhamad Fuad,4,7 tahun lalu,Bagus... Asyik kok makanan dan tempatnya..  Buat kluarga recommended.
Dwi Darmanto,5,7 tahun lalu,Asri.. Nyantai.... Bs beli sayuran langsung ke petani.... Mknan relatif murah
FiTri Ya,5,6 tahun lalu,"Tempatnya nyaman n sejuk...
Air kolamnya jga seger.."
ditapuspita anggraeni,5,7 tahun lalu,"Tempat yang bagus buat rekreasi,
Dan wahana yg sangat murah sekali.."
Ryo Adi,4,2 tahun lalu,"recomended utk tmpt berenang,,hrg camilannya lumayan waw"
Arif Setiawan,5,setahun lalu,Udara sejuk..viuew cantik..dekat wisata batu..dekat malng kota..strategis
M. Yusron Habibi,5,7 tahun lalu,Kolam renang yang cocok untuk anak-anak karena air kolam yang jernih murni dari sumber air.
surya ayu,5,setahun lalu,Keren... permainan ice breaking nya juga menarik
aneka jus buah segar,5,2 tahun lalu,Tempatnya bagus
bang yos86,5,4 tahun lalu,Makanannya enak seperti di desa dan anak2 jg bisa berenang
Agus chanel,5,6 tahun lalu,"Makanan nya enak banget suasananya sangat sejuk dan pedesaan, pokoknya mantul"
Beny Benyamin,4,7 tahun lalu,"Tempat yg nyaman buat bersantai dan berenang,,, ada tempat penginapan nya juga"
Muhammad Riyo,5,6 tahun lalu,Luar Biasa utk Tim Pemandu Kegiatanny.salam buat mbk adelia..tetap smngat..dr MINurul Huda 1
Dea Tungga,5,10 bulan lalu,"Seru...
Pemandunya asik-asik...
Suasananya itu yang menyenangkan..."
ForeverRonny,5,5 tahun lalu,"Mampir makan siang di Taman Dolan Kota Batu. Masakannya enak, tempatnya nyaman 👍🏽 …"
ifan mangan_ae,3,5 tahun lalu,"Kolam renang lebih bersih lagi .
Makanan lebih variasi
Penataan ruang lebih di tata lagi"
Achmad Zainudin,5,8 tahun lalu,"Tempat yang keren ,adem,asri sampai seakan akan rumah sendiri harga terjangkau"
App Nina karlina,3,7 tahun lalu,"Pilihan kolam renang anak banyak, msh banyak lokasi yg blm selesai pengerjaanya."
Ella 7,5,Diedit 6 tahun lalu,Tempat yg pas untuk liburan bersama keluarga.Harga tiket pun terjangkau.
Zaenal Abidin,4,8 tahun lalu,Tempat yg bagus untuk meeting n rekreasi keluarga..murah meriah
Depp Depp,5,3 tahun lalu,Sejuk...suasana pedesaan...mantapp
Yurika Octaviana,5,5 tahun lalu,"makanan enak, tempat asri, nyaman. cocok untuk kumpul keluarga santai2"
asmaul choiriyah,3,6 tahun lalu,Kolam renangnya kotor semoga petugas lebih memperhatikan lagi
Chusnul Fatmah,5,6 tahun lalu,"Menyenangkan, cuman eo dr pihak taman dolan jumlah nya kurang banyak , jd kurange terkontrol,,,,overall sangat menyenangkan 🤩 …"
Jeffry Alim,3,7 tahun lalu,"Banyak ide, namun perlu banyak spot perlu perhatian utk perawatan. Seperti area kolam anak, area outbond"
marsha salsabella,5,7 tahun lalu,Saya sangat suka dengan taman dolan karna objek foto bertema pedesaan dan semua tentang pedesaan.sangat menyayangkan jika di lewatkan
Wirastuti Rachmawati,4,setahun lalu,"tempat suasana alam..saya suka😍😍bersih, nyaman"
Santi Rama,5,7 tahun lalu,tempatnya sejuukk bangett recommended buat tempat liburan bersama keluarga
Huda Trawas,4,5 tahun lalu,"Pelayanan bagus,dapat diskon juga,view nya juga menyegarkan,di suguhi pemandangan sawah..."
dustrak R,5,setahun lalu,"wisata alam, cocok buat outbound anak anak, pendidikan pelestarian alam"
Sutono tono,5,8 tahun lalu,"Murah meriah, Ok banget, air kolam nya bersih, tidak bau kaporit"
Hariani Ningsih,3,4 tahun lalu,memuaskan tapi ada yang kurang sedap di pandang...samping kolam terlalu kotor
ali jebrat,5,3 tahun lalu,Tempat alami... Asri tetapi parkirnya
dali loebis,5,7 tahun lalu,Menawarkan sensasi berlibur yg unik dan menyenangkan dgn view yg indah serta staff dgn pelayanan yg ramah
"Agung Pramudya,SE.",5,4 tahun lalu,"Tempatnya sangat, nyaman sekali. Pemandangan indah sekali. Bisa buat Refresing."
Zahida Qolbi,5,7 tahun lalu,"sejuk, kolam renang bersih alami tdk berbau kaporit,,murah meriah"
Ari Nugraha,3,8 tahun lalu,"Parkiran kurang luas, ada kolam renang untuk anak-anak, area kurang luas"
Krisna ST,4,9 tahun lalu,"Makanan lumayan enak dan harga terjangkau, tempat nya antimainstream"
Djoko Sri Santoso,5,5 tahun lalu,"Tmpat rekreasi/dolan anak2 yg bagus,luas n mendidik"
Sri Nurhanik,4,2 tahun lalu,Serunya waktu di kolam ada gamenya rombongan kami
Joko Salam,5,7 tahun lalu,"Tempat bermain yang OK, tersedia berbagai fasilitas yang OK punya....
Puas dan pas...."
nayaaa naaniii,3,8 tahun lalu,Andai atap2 bangunannya pk ilalang ato ijuk mungkin akan lbh menarik dan asri drpd pk genting
Suci Hariyati,5,7 tahun lalu,Ayo berkunjung ke Taman dolan dengan HTM murah meriah. Cocok untuk bersantai bersama keluarga
Dhani Pradipta,3,4 tahun lalu,"Untuk tempat saya kasih ★5 tapi kalau untuk pelayanan saya kasih ★3 aja, sayang sekali tempat bagus tidak di imbangi dengan pelayanan yg bagus pula"
Mochamad Djaelani,4,7 tahun lalu,Lokasi mudah dijangkau makanan lumayan enak tempat masih alami
Blue el,5,5 tahun lalu,"Pemandangan asri dan suasana yang damai, bisa lihat pemandangan malang pas malam hari, bagus."
IFs,5,7 tahun lalu,"Sangat lengkap, penginapan, makanan enak, outbond, permainan tradisional, an masih banyak lagi"
arief rian,5,7 tahun lalu,Tempat asik dan rapi. Menawarkan pengalaman baru dalam berlibur. Cocok untuk kantong
hepi craft,3,Diedit 8 tahun lalu,Tempat terlihat dari jalan raya. Parkiran luas kolam renang untuk anak anak dan dewasa terpisah
Anya Sablon,4,7 tahun lalu,Tempatnya bagus tiketnya murah tapi sayangnya GK boleh bawa bekal dari rumah
Farid Susanto,4,6 tahun lalu,"kolam renangnya untuk anak"" semua, nggak ada yg untuk dewasa"
Febri Ryan,5,Diedit 4 tahun lalu,"bagus untuk outbond keluarga maupun anak sekolahan khususnya TK & SD,"
imamura az,5,9 bulan lalu,Tempat menginap yang asri dan sejuk
ghofur gp,5,6 tahun lalu,"Bagus, indah pemandangan dan banyak outbond nya utk anak-anak"
pramuditya nuari,5,6 tahun lalu,"Bagus banget parah ini tempatnya, semuanya menurut gua worth it banget sih"
Ryan Athakurniawan,2,setahun lalu,nunggu makanannya lama padahal lagi ga rame
Roqib Mudji Wibowo,4,6 tahun lalu,Lumayan... taman rekreasi dg view pemandangan alam are kota Batu
ENDY INDARTO,5,7 tahun lalu,Wisata murah tp ga murahan....suasana enak buat keluarga...ada diskon gak  ya....
Devi Winda Putri,4,8 tahun lalu,Tempat rekreasi dan bermain keluarga. Asyik suasana pedesaan
Kasan Pratama,5,5 tahun lalu,tempatnya bagus dan asri.
khanza Al Irsyad,3,7 tahun lalu,"Semoga kedepannya bisa lebih baik lagi ,,"
Asfia Noor,3,7 tahun lalu,Tempat yg menyenangkan buat anak2 outbond. Dan mengenal alam
Dina Rubhi,4,5 tahun lalu,"Perparkiran agak kurang support klo buat rombongan besar, natural place banget ^^"
Serba Serbi Video,5,Diedit 6 tahun lalu,Cocok buat rekreasi kluarga
Dimas Nugroho,5,5 tahun lalu,"Wisata Alam yang asri dan sejuk, bisa bermalam di suasana pedesaan dengan kegiatan yang menarik"
Ahmad Bagus Prayogo,3,5 tahun lalu,Tempat yg nyaman dan asyik buat acara keluarga
Dita Suprayitno,5,6 tahun lalu,Tempat yg asri n kolam renang yg aman buat ank2..
dewi nuriani sutanto,4,7 tahun lalu,"Ada kolam renang, sedia makanan jg, akses jalan jg sdh braspal dan lebar"
Triani Semawati,1,7 tahun lalu,"Biasa aj..hanya kolam renang kecil,penginapan dan rmh mkan.."
Lucky Hand of God,3,5 tahun lalu,"Lokasi mudah diketahui sebab pinggir jalan
- tidak boleh bawa makanan & minuman dari luar"
Yuli Rahmawati,3,5 tahun lalu,Tempatnya kurang nyaman.. tp menu ayam engkungnya enak
Yuda Pratama,3,6 tahun lalu,"Cocok untuk bermain /wisata keluarga,nyaman tempatnya dan sejuk"
Erica Gandi Jasmine,4,6 tahun lalu,Tempat liburan keluarga yang nyaman dengan pemandangan segar sawah dan lingkungan pedesaan
Santo Rini,3,6 tahun lalu,"Sebagai tempat rekreasi yg ad kolam
renang ok lah"
Maya Fitri,4,8 tahun lalu,bagusss  buat kluarga ada kolam renangnya udaranya suueeejjuukkk
Yudhi Syaifudin,3,4 tahun lalu,"gak sesuai harapan, masuk untuk makan minum..dikenakan biaya masuk.."
Kingkin Afwan,4,6 tahun lalu,"puas nginep disn, smpt ada slh paham mslh rate, tp terselesaikan dgn baek.."
ilena dwika,5,3 tahun lalu,Tempatnya luwas dan indaah dan banyak pepohonan serta sungai.
Andrij Voirest,4,7 tahun lalu,Perlu di tambah wahana dan lainnya..  Suasana tenang sperti di bawah pegunungan...
ustadi Madu,3,7 tahun lalu,"Tempat strategis dipinggir jalan, murah hanya kurang bersih, parkir juga sempit"
Rahmadhani Tristanto Putra,5,3 tahun lalu,"Tempatnya bagus.
Tiket masuk murah.
Makanan enak."
Elsy Clarenza,4,6 tahun lalu,Buat outbond anak2 lumayan cuma agak menakutkan jalannya
Gamal Abiyyu,3,7 tahun lalu,Tempatnya lumayan bagus... Untuk kalangan menengah ke bawah
Faiqo Nurmala,5,5 tahun lalu,"Tempat asik dan nyaman buat outbond, acara keluarga, gathering dll"
ahmad arpas,2,setahun lalu,Air gatal kolam renang nya
Emma Noor Rahma,3,5 tahun lalu,"Tempat masih dalam pengerjaan, jadi bisa dimaklumi jika fasilitas masih semrawut, belum tertata indah dan rapi"
Mukhlis Fathoni,5,7 tahun lalu,"Tempatnya sejuk, alami, indah, Outbound sangat seru ditunjang berbagai fasilitasnya."
Rahman Firdiansyah,5,Diedit 4 tahun lalu,Tempat rekreasi serta hotel di kawasan batu yg ramah anak dan keluarga
cholifah pramono,5,setahun lalu,"seru gamenya, mbah naim sungguh memberi trauma manis wkwkwk"
Poer watib,5,5 tahun lalu,"Tempatnya sangat bagus buat anak"" dan murah meriah"
Alfan Fadli,3,6 tahun lalu,Bagus banyak rest area.nya cuman kolam renang kurang
Ita Rakhma Farikhta Samsul,4,4 tahun lalu,"Makanan yummy harganya sepadan , suasananya nyaman, pas kan"
Sri Wulandari,4,8 tahun lalu,"Tempatnya sejuk, tenang, cocok untuk bermain anak-anak"
siska andriyani,4,8 tahun lalu,Murah meriah untuk bermain anak2. untuk grup kurang profesional
Anan Lazuardy Kalimasada,4,8 tahun lalu,Sepertinya belum selesai pembangunannya
Dwi Puspitasari,4,2 tahun lalu,Suasana alam yang Asri dan Nyaman. Rekomend untuk out bound
Hendri Tachul,3,8 tahun lalu,Bagus tempatnya.. Sayang masih pembangunan jd masih blm maksimal
Dongeng Anissa,1,6 tahun lalu,"Harga terlalu mahal untuk fasilitas itu,  fasilitasnya kurang banget.  Jauh dibanding fasilitas sebelahnya"
Abdulloh Aqila Alfatih,4,7 tahun lalu,"Pelayanan ramah, tempat nya asyik n seru banyak mainan tradisional nya"
Riyan Rodestra,5,5 tahun lalu,"Menyenangkan buat keluarga foto,,tmpt yg asyik bgt"
Nanang Junaedi,3,5 tahun lalu,Terletak di desa berjalur strategis. Dikemas kreatif & membuat pengunjung senang
deasy wega hariyati,5,5 tahun lalu,Tempat ngumpul dengan keluarga dan teman. Ayam bakar nya uenakkkk polll
Tri Sakti,5,3 tahun lalu,"Tempatnya sangat nyaman dan menunya enak"" semua"
Rosidah Setyo,5,2 tahun lalu,Suasananya enak di area persawahan
IndrA AmAnthA,1,6 tahun lalu,Kurang bagus dan gak rekomended... saya kecewa... semoga anda tidak dikecewakan seperti saya
Dini Octavia,5,7 tahun lalu,Hrg makanan sangat terjangkau...to banget lah pokoknya
Ayu Aprilianti Anggraini Anggraini,5,4 tahun lalu,"Tempatnya bagus dan sejuk, sayang wktu kesini saat gerimis"
dara hasana,5,3 tahun lalu,"Tempatnya bagus, pegawai nya juga ramah, the best deh😇"
dika mahardika,4,6 tahun lalu,Lumayan seru untuk acara keluarga atau kantor kecil untuk lebih merapatkan kekeluargaan
Tatok Kurniawan,5,8 tahun lalu,"Bagus, murah pula. Cocok untuk rekreasi sekeluarga.."
RONADA Elektone,5,6 tahun lalu,"Tempat sangat nyaman , pelayanan memuaskan ,,,harga terjangkau...ada tubbing"
Sis 0881,5,3 tahun lalu,Pemandangan alam indah.. Udara sejuk.. Makanya enak.. Pelayanan bagus..
Nisfu Amaliasani,4,Diedit 7 tahun lalu,Tempat out bond dan wisata edukasi.. Ada kolam renang dan penginapan nya juga
Ratna Lutfiyanida,5,7 tahun lalu,"Tempat rindang..ada kolam anak, dewasa dan ada outbond nya juga.."
ahmad wahidin bahar,5,6 tahun lalu,Kolam renang yg murah meriah ditambah ada lesehann yg enak
Ratih Lampard,5,7 tahun lalu,Liburan Tanpa polusi udara dan suara..  Sangat pas utk Liburan keluarga
c mayangs,1,3 tahun lalu,"Pertama kali main ke sini, pelayanan makan nya lama ga dateng""."
lisa nirwana,4,7 tahun lalu,"Terjangkau banget si harganya, cuma layanannya buat makan lama banget"
Augusteen Agustin,4,8 tahun lalu,Pemandangannya alami cuma sistem airnya kacau.. jd banjir
Satria Wisnumukti,5,6 tahun lalu,"Lokasi sejuk dan damai,cocok untuk menenangkan pikiran yang penat."
Putut Setiawan,5,6 tahun lalu,Cocok buat edukasi anak
Loresta Nusantara,5,Diedit 5 tahun lalu,Tempat outbond ataupun sekedar rekreasi dengan keluarga yang sangat nyaman.
Lisa Andretti,4,5 tahun lalu,"Makanannya enak , tempatnya dingin pemandangan sawah"
Max advian noor,4,7 tahun lalu,"Wisata murah , dilengkapi permainan tempo doloe, ada kolam renangnya..."
Gwn Skt,5,4 tahun lalu,mantap
Laila Jasmine,3,7 tahun lalu,Lumayanlaah buat renang brg sikecil dan jalanjalan d area sawah..
Hambali,4,5 tahun lalu,"Pelayanan bagus, makanan sederhana  cukup enak, suasana tenang"
Exnu Garasi,4,7 tahun lalu,Murah dan sejuk...penerangan ketika malam tambahin lampu yg banyak
kukuh aditya,3,6 tahun lalu,wisata outbound & renang dengan konsep nuansa alam bisa petik selada air juga
Rizqi Thariq Angkasa Yudha,5,8 tahun lalu,Tempat ini sangat cocok untuk anak-anak sehingga merasa nyaman di sini
Hellow Prili,4,7 tahun lalu,"Tempatnya cozy, cocok buat liburan bersama keluarga"
Budi Hidayat,5,6 tahun lalu,Enak lumayan bagus murah
Ikhwan Arifiono,3,7 tahun lalu,Kolamnya kecil2 tapi ya sesuai hargalah. Cocok buat kopdar
Sarengat Jemur,4,4 tahun lalu,Tempat nya bagus dan rekomendit namun fasilitas dan pelayanan kurang mendukung
Didik Setiawan,4,4 tahun lalu,Tempatnya ok untuk anak kecil yg bernuansa alam
Wiyono Hs,5,5 tahun lalu,Sangat eksotis pemadangan malam hari sisi selatan taman dolan
alissya Ashifa,5,4 tahun lalu,Tempatnya lumayan rekomend untuk main anak2 dan keluarga
Dina Setioko,4,6 tahun lalu,Tempatnya lumayan menyenangkan dan bagus buat outbond.
Kopi riko,5,5 tahun lalu,Tempat bermain dgn suasana yg asri & spot view gunung panderman
kesy arum,5,6 tahun lalu,"Bagus tempat nya,cocok buat keluarga dan anak pacaran"
santoso santoso,4,5 tahun lalu,Murah... Enak. Ramah. Rame
Lepi Lepi,3,7 tahun lalu,"Kolam renangnya ok, play groundnya bisa ditambahi ya"
Ilham Wahyu,3,4 tahun lalu,Cafe nya perlu di tingkatkan tingkat kebersihan saung nya .
budi agung,4,4 tahun lalu,Masa pandemi mungkin tidak banyak yang bisa dinikmati. Tp tempatnya bagus
Fikram Maulana,5,7 tahun lalu,"Enak buat kumpul bersama sanak familli n teman dekat,"
IS DARYONO,5,5 tahun lalu,Nyaman dan asri cocok buat acara makan bersama
Heri Purnomo,4,6 tahun lalu,"Sejuk, alami. Parkir kurang luas kalau ada beberapa bis"
Akbar Tri Kurniawan,5,7 tahun lalu,Ada kolam renang dan resto
Titin Farsya,4,6 tahun lalu,"Diharapkan lebih tertata, pesanan makanannya  lumayan lama datangnya"
Hannan Hannan,5,4 bulan lalu,baguss
Yanna Amalia,3,5 tahun lalu,Tempat lmyn nyaman utk berenang anak Dan bersantai
Muzza Zulfikar,5,9 tahun lalu,Tempat wisata kolam renang yang paling menyenangkan :)
yohanes pandu,4,6 tahun lalu,Pemandangan bagus tidak direkomendasikan kepada orang yg sdh tua
Koesnari Rek,5,6 tahun lalu,Bagus sekali untuk week end dengan keluarga atau acara bersama
Noeger Addie,5,3 tahun lalu,Tempat menepi yg nyaman kalau lagi pas di batu
Diah Fitrotul,5,5 tahun lalu,"Bagus, tempatnya enak nyaman suasana desa banget"
Charis Muhammad,5,7 tahun lalu,Tempatanya cocok untuk keluarga dan mengenalkan permainan alam/tradisional
DEBYAN,4,6 tahun lalu,Masih perlu dikembangkan lagi
Sestri,5,3 tahun lalu,"Asri, welcome, ramah, makanan enak, kopinya mantabbb.."
fajar yonas susanto,5,setahun lalu,Hotel konsep Alam
Gem69 Dominic,5,5 tahun lalu,"Kamarnya bersih,viewnya keren,pegawainya ramah2"
Donny Adhari,5,7 tahun lalu,"Harga terjangkau trus tempatnya luas dan bersih, mantab"
putra arika,5,7 tahun lalu,"Tempat oke, fasilitas mantap, udara sejuk, makanan enak"
Anisah Nurani,5,5 tahun lalu,Pelayanannya memuaskan... viewnya keren sesuai gambaran
Chusnul Syahrir,2,6 tahun lalu,Cottage nya lumayan tp pelayanannya yg kurang memuaskan
Rasyadiya Azkaya,1,2 tahun lalu,Tidak profesional…pelayanan makanan sangat lama banget…
Risa Gita,3,8 tahun lalu,Bagus tp sayang g boleh bawa makanan
erfin fiqta,4,7 tahun lalu,Tempatnya lumayan nyaman tp karyawannya kurang profesional
andri yani,5,6 tahun lalu,"Bersih
Airnya dingin
Masakannya enak
Murah"
Raja Yudistira santoso,5,8 tahun lalu,Nyaman untk liburan dgn suasana pedesaan
Efendi El Ishaqy,2,7 tahun lalu,Permulaan yg bagus..dan sangat siap utk dikembangkan lebih lanjut
Rizal Kharisma Mardika,4,7 tahun lalu,Tempat yg pas untuk berkumpul bersama keluarga di akhir pekan
Irene Wulansari,5,setahun lalu,"Tempat outbond, ada kolam renang,"
Marjuki Prabowo,4,5 tahun lalu,Eksotis
Dewi Cahya,5,Diedit 6 tahun lalu,Cocok untuk berlibur sekedar melepas penat..recommended 😘😘😘 …
Kuncorokuncoro589 Kuncoro4514,4,4 tahun lalu,Tempat wisata dan outbond dengan alam pedesaan yang top .
Esther Kurniawati,3,5 tahun lalu,"Asri sih, cuma untuk jalanannya kurang enak, kecil dan naik turun"
Fikri Al,5,7 tahun lalu,"Masuk 10K ,nyaman buat santai dan yang mau renang,sip"
vidy andika,3,6 tahun lalu,Banyak serangga di dalam kamar.  Makanan kurang sedap.
Fajar Ilhamsyah,5,6 tahun lalu,cocok buat berenang dan makan bersama keluarga
Unik Marina,5,7 tahun lalu,Tempatnya sejuk & masih asri spt suasana desa 👍👍👍👍 …
A. Yusuf Kholil,5,8 tahun lalu,suasanya nyaman santai asri cocok buat keluarga
Aisyah Channel,3,8 tahun lalu,Taman wisata cukup lumayan utk d kunjungi
Ikka Priska,4,7 tahun lalu,Suasana desa.....lumayan buat santai...dari bising kota😊 …
Agus Yox Musikasik,4,6 tahun lalu,"Konsep tradisional, hanya sarana dan prasarana masih perlu dibenahi, masih bisa dikembangkan"
Yudhie Ary,3,7 tahun lalu,Sarana liburan klga juga sebagai pengenalan dolanan tradisonal utk anak
Faizal Asyahari,5,6 tahun lalu,Air kolam renang lumayan jernih. Seger.
Yogi Ahmadi,5,7 tahun lalu,Pelayanan bagus. Tempat mantab cocok buat keluarga
Heriani Bintoro,2,7 tahun lalu,"Tempat wisata kulinner,taman bermain aman untuk anak2"
Ali Imron,5,5 tahun lalu,"tempatnya bagus, ramahvtamah , makanannya maknyus cocok....."
Teguh Prasetyo,5,6 tahun lalu,Tempat bagus edukatif bwt anak2. Perlu dicoba👍 …
Puji astutik,3,7 tahun lalu,Tempatnya biasa aja...konsepnya lebih ke tempat makan..
Erwin Sugiarto,4,8 tahun lalu,"Bisa menambah edukasi ke anak2, melestarikan permainan tradisional"
Dian Purwati Putri,2,7 tahun lalu,"Tmptnya kurang luas, mainan dan kolam terbatas"
mahruz salim,4,7 tahun lalu,Murah Meriah Memuasakan tentunya tidak mengecewakan Rekomended banget deh
siska siwi,4,6 tahun lalu,lumayan
Nifa Diana,5,6 tahun lalu,Indah juga sejuk rekreasi yg lumayan tidak terlalu mahal
Pak RT,4,5 tahun lalu,Tempat wisata yang asik dan seru buat keluarga dan family 😂 …
Ali Abdul Razak Sungkar,5,7 tahun lalu,Tempat bagus untuk bersantai bersama kawan dan keluarga
Edi Munawan,4,8 tahun lalu,Cocok banget bwat keluarga...recomended
Bengkel las Soyo Seneng,5,2 tahun lalu,"Suasana nyaman sejuk,oke banget"
Angga David,4,6 tahun lalu,Cocok untuk liburan keluarga dengan konsep nuansa pedesaan
Heri Junaedi,3,6 tahun lalu,Tempat edukasi bersama keluarga dan tersedia pengginapan
ismawati supriyanto,5,7 tahun lalu,"Menyenangkan, memperkenalkan permainan anak tradisional pd anak jaman now"
Rohmadi Madi,5,3 tahun lalu,"Pokoknya joss...
Dekat rumah ndk sampe 1 menit nyampe...."
nana wahyu,5,5 tahun lalu,Keren ada karaoke nya juga
silvi lailatul Qoyyimah,5,5 tahun lalu,Suasana dan tempatnya mendukung untuk kegiatan alam 🥰 …
Nabilah Froma,1,7 tahun lalu,"Ngadain LDK sekolah disini ngecewain, karna pegawainya tidak menghargai orang lain bertamu disini"
Ali Mas'ud,5,7 tahun lalu,Tempatnya asik sejuk bnget airnya jernih
mbah dinn chanel,5,2 tahun lalu,Tempat yang pas buat acara outbond
UjangD,5,Diedit 7 tahun lalu,Sejuk tempat cocok makan dan kumpul keluarga
Wiji Utomo,5,2 tahun lalu,Konsepnya bagus menjaga kesan alaminya .
Muhammad Iqbal Mousavi,5,3 tahun lalu,Penginapan nyaman dng konsep pedesaan.
Yasin Anwar,5,6 tahun lalu,Tempat wisata yang sejuk sederhana menyenangkan..
Aulia zain zainal,5,7 tahun lalu,"mantap n joss tempat,jdi inget masa kecil dulu"
Ardi Setianto,5,setahun lalu,Asri dan nyaman.
Latifah Babeher,3,7 tahun lalu,Kebersihan belum begitu terjaga dan tempatnya sempit
Agus Gemilang,5,Diedit 9 tahun lalu,Tempat yang asri buat keluarga menghabiskan liburan
Mio Chan,5,5 tahun lalu,Ayam bakar nya enak nasi goreng nya pedes ntabs
ade erwan suryanto,1,2 tahun lalu,Pesen makan aja satu jam setengah
nana dara,5,6 tahun lalu,"Sangat, asri, pelayanan memuaskan, enak buat mengilangkan penat, karyawan ramah"
Mohammad Mas'ud,5,6 tahun lalu,Tempat jujukan rekreasi keluarga yg lumayan
HARIADI TRICAHYONO,5,4 tahun lalu,Tempat nya sangat bagus dan indah sekali :)
Raden Syarif 19,5,5 tahun lalu,Tempatnya cocok untuk outbond anak2 sekolah
Totok Koernianto,4,3 tahun lalu,Tempatnya bagus bersih ada resto juga
Iks Thouby,4,7 tahun lalu,Lokasi Alami dan tradisional . Menarik dgn dilengkapi fasilitas outbound
mufidah sarosa,4,7 tahun lalu,"Taman Dolan bagus buat anak2 muda, lokasi yg menantang"
Syahru Romadhon,5,3 tahun lalu,Tempat bermain yg pas
Yohan Adi,5,6 tahun lalu,"Tempat yg nyaman buat makan, outdoor, nginap"
Aas homestay Batu,5,7 tahun lalu,Ada tempat mkn sama kolam renang x
Rizky Aulia,5,5 tahun lalu,Tempat yg nyaman dan cocok untuk keluarga
Syamsul Huda,4,6 tahun lalu,Cukup menarik jika anak-anak mau bermain
Wahyu Tri Widodo,3,7 tahun lalu,Jumlah karyawan perlu ditambah sehingga pelayanan bisa lebih cepat
Adi Agger,5,5 tahun lalu,"Udaranya sejuk,cocok untuk acara beramai2"
Baim Sofitel,5,7 tahun lalu,Wisata keluarga yang cukup menarik dan murah meriah
yuswanto heri indratno,5,7 tahun lalu,"Bagus, asri.. Bisa bersantap sambil berenang"
Amirul H Abdullah,3,8 tahun lalu,Bagus sih.. Tapi makanannya mahal
Zain Fatkhur Rozy,4,3 tahun lalu,"Kolam renangnya banyak daun"" Kering"
Iking Elharts,4,8 tahun lalu,Lumayan kalo bersama anak kecil...
Uwik Widha,2,setahun lalu,Kl malam serasa seram
Ahmad Fadil,5,5 tahun lalu,Tempat e nyaman... Teduh
Basri Hasan,5,4 tahun lalu,"Tempat menyenangkan, asri, dingin dan terjangkau"
Galang_BRIDA_Kab. Kediri,5,setahun lalu,Semua pelayannya ramah
mochamad fendik,5,5 tahun lalu,Pelayanan sangat ramah dan tempat serasa kembali di desa
eko wahyu adi widodo,4,5 tahun lalu,"Bisa unt rekomondasi anak"" dan Ortu unt liburan... Murah Meriah...."
Yudhy Saputra,1,8 tahun lalu,"Kurang enak lokasinya,penataannya kurang sippp"
istinur khasanah,4,5 tahun lalu,"Tempatnyaa rekomen bngett, suasanaa sejuk, instagramable pun"
Hasan Albana,5,3 tahun lalu,"Seru
SDIT Ahmad Yani Malang otuclassdisini
Bersama Kak Peng dkk"
natalia lia,5,5 tahun lalu,Bagus banget. Cuman foto nya di tempat lain 😿😿😿😿 …
aries lisanti,5,2 tahun lalu,"Tempatnya asri, kegiatan outbound disitu seru 👍👍 …"
Aunia Nurfaidah,4,6 tahun lalu,Wisata edukasi yupss..Kota Batu
Sambada Wicaksana,5,6 tahun lalu,Tempat yg bagus untuk santai pada malam hari
dian widjayanto,2,7 tahun lalu,"Tempat bagus,lumayan untuk refres sama keluarga"
wahid bakti,4,8 tahun lalu,Tempat nyaman untuk makan sambil nyantai
Arwani Gjk,5,4 tahun lalu,makanan enak enak.. dimasukin shopeefood dong kak
Marina Wijayanti,4,7 tahun lalu,"Cukup menarik
Menu bervariatif, terjangkau"
ike puspitasari,5,4 tahun lalu,Destiny untuk semua usia.. Dgn Harga terjangkau..
Sandy vito Ryansyah 99,5,Diedit 6 tahun lalu,"Sungguh menyenangkan di hari ini aku dan teman""ku sangat bahagia"
ais zukky,5,3 tahun lalu,nyaman untuk outbond
Eva Kurniawati,5,7 tahun lalu,masakanya enak
bintang kirana,5,8 tahun lalu,Tempat educasi anak yg baik & murah
iyan dwi,3,3 tahun lalu,Kurang terawat karena agak sepi atau emang gitu ya?
beny benyamin,4,7 tahun lalu,"Enak buat bersantai dan berenang,,,, suasananya masih alami"
Yusuf Meiyanto,4,5 tahun lalu,Airnya seger tanpa kaporit g bikin mata perih
septina resmitasari,4,8 tahun lalu,Ada kolam renang dan tempat makan lesehan
w design,5,4 tahun lalu,Tempat yg representatif buat outbond dan mengenal alam
Surya Prima Makmur,3,9 tahun lalu,lumayan bagus untuk tatif yg semurah ini.
Ludia Indri,5,6 tahun lalu,Rekomended for holiday cheaps
Yudho Widhianto,3,7 tahun lalu,Area wisata kolam renang dan warung makan pinggir sawah
umi blume,2,5 tahun lalu,Belum tertata...masih banyak PR yg harus dibenahi
Reza tv,5,2 tahun lalu,Pengalaman yg sangat luar biasa💪🔥🔥 …
Surga Tour,1,8 tahun lalu,Cocok Utk wisatawan lokal malang batu
Dokter Pc,5,6 tahun lalu,"Tempatnya nyaman.. Menarik, suasana desa"
Iwan exotic2,3,7 tahun lalu,Kurang terjaga kebersihan kolam renangnya
Sarah Mazuin,3,5 tahun lalu,Tempatnya Bagus tapi harga makanan agak mahal
Andhika Rio,4,Diedit 7 tahun lalu,Tambah mantap ada tambahan lokasi air terjun
Ocky Hermasari,3,6 tahun lalu,Tempatnya kotor apalagi kolam renang anaknya
Najiah Sam,5,2 tahun lalu,Tempat wisata yg adem.. kaya di Ubud bali
Sutrisno Teachfarm (Tresno),5,6 tahun lalu,Tempat nya nyaman tiket masuk ekonomis
Vannisa Shabila,5,4 tahun lalu,"Bagus banget,,sejuk deh pokoknya"
Linda Yusmina,4,8 tahun lalu,Nyaman buat kumpul ama keluarga..
Keluarga Mbolang,5,8 tahun lalu,"Murah, aman buat anak anak dan rekreasi keluarga"
Waluyo 1,5,4 tahun lalu,Keren... Suasana pedesan nya bikin  suasana adem...
cristiawan bachtiar,3,Diedit 8 tahun lalu,Lumayan buat main sama anak anak
Dika Rhezti,5,6 tahun lalu,Sangat menyenangkan untuk penginapan keluarga
Yunk Kun,4,3 tahun lalu,Sangat seru
kang bayan,5,5 tahun lalu,"tiket 15rb ,hiburan keluarga murah di batu"
Alcor Series,5,Diedit 7 tahun lalu,"Tempatnya Bagus Banget, Rugi kalau ga coba"
Wiendra Kusuma,4,8 tahun lalu,"Udara dingin meski siang hari, sejuk..."
Fiza Ellya Reunita,5,3 tahun lalu,Muantull pelayanan buaguss
Bams Rsal,5,7 tahun lalu,"Suasana seperti di pedesaan, bangunan nya desain bangunan old"
TV Ryu,4,6 tahun lalu,Bagussssss bgt.....
sang Lakone,3,7 tahun lalu,"Tempatnya kurang sip, apalagi pelayanannya kurang memuaskan."
Safana Wisata,5,5 tahun lalu,Recomnded banget utk wisata outbound dan edukasi
Hari yono,2,7 tahun lalu,Fasilitas minim dan blm total struktur bangunannya
Mayaria Desi,5,2 tahun lalu,recomended
Suyadi Dbs,5,6 tahun lalu,suasananya alami pedesaan hijau dan sejuk
Aris Widiati,5,6 tahun lalu,Asyik sekali buat outbond & selfie
Wawan Master,5,3 tahun lalu,Meski bintang 2 yah lumayanlah untuk tempat refresing
Ody Ichsan,5,7 tahun lalu,Tempat yang sederhana untuk berlibur bersama keluarga
Hadi Halim,1,7 tahun lalu,Kurang luas area kolam dan kotor
Serra Shopaholik,5,6 tahun lalu,"Baguus, outbond yg menarik untuk anak."
Riska Dama,5,5 tahun lalu,"makanan nya enak,  pemandangan indah"
Septiani Rosyidah,3,7 tahun lalu,Suasana yang asri dengan konsep pedesaan yang nyaman
Amelya Shita07,5,6 tahun lalu,Tempatnya bagus..pelayanan nya juga ramah..
Dwi Indah Wahyuni,2,2 tahun lalu,"Service not good, Tolong hargai konsumen,"
ella clay,5,5 tahun lalu,Nyaman sekali.. g mau pulang
nur hayanto,5,6 tahun lalu,Asyik dan menyenangkan bisa menghilangkan penat
Diendy Anugrah,5,5 tahun lalu,"Asri, sejuk....cocok buat pengantin baru"
nanik fitri,1,3 tahun lalu,Bagus
Ibnu Mubarok,5,6 tahun lalu,Bagus banget...biayanya terjangkau
Tika Rosianawati,5,4 tahun lalu,murah sekaliii buat renang adik2
Nunuk husnul,4,5 tahun lalu,Lokasi n view  lumayan buat bgobrol2
Iqlimah Ideris,5,7 tahun lalu,"Masakannya enak, pelayanannya ramah😍 …"
Teguh Setyanto,5,6 tahun lalu,Masih asri dan pemandangannya sangat indah..
TrAvEnEr issmile,5,5 tahun lalu,"Lumayan, keren, luas, harus jelajah betul2"
Fambayun Arraya,5,2 tahun lalu,"Istimewa, bakal balik lagi InsyaAllah."
Iqul rohmad,5,3 tahun lalu,Cocok buat liburan anak2
grisselda dikna,3,7 tahun lalu,Kurang mrmuaskan rasa makanannya
elyana putri,5,4 tahun lalu,Tempatnya sejuk pelayanan ramah dan bersih
Fifin Mariyati,4,6 tahun lalu,Bagi orang kota yang ingin suasana desa ke sini aja.
Ella Ajii,5,5 tahun lalu,"puas bgt disini
semua oelayanan oke
fasilitas mantab"
Fahrudin Fauzi,5,7 bulan lalu,Nyaman & indah
N Eka Nugraha,2,6 tahun lalu,area nya Bagus tapi kurang terawat dan pelayanannya kurang..
ItaLinFei Hendry,5,5 tahun lalu,Taman bermain yg bagus buat anak2
Wisang Wisang,1,4 tahun lalu,Pelayanan kurang sekali.. Sangat mengecewakan
Dia Oppo,2,6 tahun lalu,Tempatnya waktu hujan kurang nyaman
Insan Faeyza 1A_19,5,6 tahun lalu,Lumayaan seruuuuuu kl buat anak2 outbond
D Holidays,3,Diedit 6 tahun lalu,Agar lebih di tingkatkan lagi kinerja staff nya
toto hartanto,5,3 tahun lalu,"Tempatnya nyaman, pelayanan ramah"
Meo& mak'o,1,7 tahun lalu,tidak sesuai expetasi sewaktu browsing di mbah gugle🤣mengecewakan …
Mochamad Kholik,5,3 tahun lalu,Mantab enak dan nyaman buat refresing
Haikal Azril,5,setahun lalu,Ada wa mas yang bisa di hubungi
dian nugroho,5,6 tahun lalu,"Serasa di kampung, alam pegunungan yg sejuk"
Hadi Suyono,3,5 tahun lalu,Nyaman tp krg bagus
Mohammad Yasa,4,7 tahun lalu,Lumayan utk rekreasi keluarga..
Fendi bae,5,5 tahun lalu,Pilihan untuk berlibur bersama keluarga tercinta
Anis Cngtp,5,3 tahun lalu,Mantap sih jdi pngn kesitu lgi wkwk😍 …
Hery 24,5,5 tahun lalu,Enak buat yang suka pemandangan desa
Muhamad Rausin,5,7 tahun lalu,Tempat menginap jika ingin berlibur ke malang
AMANAH pro,5,setahun lalu,"Sipppp......

Nyaman....."
david87 jalan_jalan,1,8 tahun lalu,Lumayan Bagus tapi tempatnya agak kecil
Una Dieni,4,Diedit 6 tahun lalu,"Trainernya juga pegawainya ramah2, lokasinya juga asik"
Dylla Haris,5,6 tahun lalu,Tempat paling nyaman untuk mencari ketenangan
Samsuri Smp,4,2 tahun lalu,Trimakasih  taman yg ramah dan sejuk
Anugerah Wardhana,4,8 tahun lalu,Dingin dan  suasana pemandangan bagus
Nunung Indriastutik,3,4 tahun lalu,Kurang terawat kolam dan tanamannya
Evi Kurniawati,5,5 tahun lalu,Natural...plus....makanannya enak-enak..👍 …
rosepta dini,4,7 tahun lalu,Tempat yang menyenangkan...
heri cloyor,4,4 tahun lalu,Okee kok cocok melepas penat😀 …
Dwi Prayitno,5,3 tahun lalu,Waw indah banget😅 ingin ku kesana lagi
raden agus setiawan,3,7 tahun lalu,Suasana pedesaan yg sgt alami
Rinja Ayu Nurhidayah,4,7 tahun lalu,Keren. Sejuk. Indah
Badar FM,5,5 tahun lalu,Mantap maen dsini
Muhamad Yogi Ramlan Hamdani,5,6 tahun lalu,Kalo di foto ko bagus yakk wkwkwkw
Viira,5,Diedit 7 tahun lalu,"Tempatnya asik, makanannya recommended 👌 …"
esha wonk,5,setahun lalu,Enank. Banget dan luas
Bagus Prasetyo,4,7 tahun lalu,Tempat nya nyaman pas di kantong
Zaka Rachman,5,4 tahun lalu,"Bagus buat keluatga besar dan anak"""
Redian,4,5 tahun lalu,Tempatnya mantab
Wahyuningsih Cece,5,7 tahun lalu,Pengen kesini lg asyik lbh membumi
ririn juma'ati,5,setahun lalu,Bagus dan sangat ramah dikantong
nur mustakim,5,3 tahun lalu,Menunya wenak
Fajar agus Agus,5,5 tahun lalu,Saya pernah berkunjung dengan teman-teman dan guru2 saya
Warung Cak Tono,5,setahun lalu,Bisa untuk out bond
Agoeng Abimanyu,5,7 tahun lalu,Lumayan buat santai sama anak anak
amy cwek,5,8 tahun lalu,wah sensasi tempatnya bagus bgt....
Kharisma Putri,5,7 tahun lalu,"Sangat suka, tempatnya recommemded bget."
Melina Febrianto,5,7 tahun lalu,"Pemandian untuk anak-anak, tepatnya berada di pandanrejo"
Swatmawati Pramudji,2,7 tahun lalu,Kurang menarik ..perlu di kembangkan lagi
Afri Kim,5,Diedit setahun lalu,Rekomendasi untuk liburan ke pedesaan
sulastrinah 23,5,4 tahun lalu,Mantap
yogi aditya pratama,5,2 tahun lalu,"Makanan enak, View ciamik"
indra wijaya,4,7 tahun lalu,"Alami, bersih, landscape yang indah dan murah meriah"
DMS Room,5,6 tahun lalu,"Keren bgt, wajin coba neh bagi yg blm prnah ksini."
eff efendi,4,5 tahun lalu,Suasana adem dan tradisional kerasa bgt
Dawan A. LDA,4,4 tahun lalu,bagus keren...makanan enak
Maymun Abd Kareim,5,Diedit 4 tahun lalu,kecapean
Dedy Setiawan,5,4 tahun lalu,Membuat mata berbinar-binar..refresh
Susyana Hartiwi,1,6 tahun lalu,"Viewnya aja bagus, pelayanan 😕 …"
hubbyy hubby,4,7 tahun lalu,taman bermain dan edukasi utk si kecil
Doyan Ngalas,5,4 tahun lalu,"Tempat yang keren bagus asri ,.."
Atoen Alcinta,4,7 tahun lalu,Makanan nya lumayan enak
Nur Mim,4,3 tahun lalu,Rasa pedesaan
RANU PUTRA,5,5 tahun lalu,Cm 1 kata..Nuansa Ndeso bngt..i liked...👍👍👍 …
Abi walker,4,7 tahun lalu,Ayam bakarnya cocok
Kak Acun Channel,5,setahun lalu,Bagus keren tempatnyaaa
Yussy Prabu,5,5 tahun lalu,Krn wisata alam nya yg asri
Luluk Nur_ Azaira,5,4 tahun lalu,"Sekolah alam, tempat wisata edukatif."
Windi Hartoyo,5,Diedit 5 tahun lalu,Tempat sangat nyaman buat keluarga
Himawan Alfan,2,7 tahun lalu,Suasana asri..namun fasilitas masih minim
Yudi Anto,4,Diedit setahun lalu,Lumayan
agung rahmat,5,4 tahun lalu,"Pemandangannya jooss, tempatnya asik"
agustine sieman,2,6 tahun lalu,tempatnya nggak begitu menarik
supri Janto,4,4 tahun lalu,Tempatnya enak asri nuansa pedesaan
tri wati,5,6 tahun lalu,Tempat menginap dengan view sawah & alam
Yuswa Ningsih,1,8 tahun lalu,Bagus asri nyaman dan dingin
Yudiraos Batu,4,7 tahun lalu,"Murah meriah,pelayanan kurang memuaskan"
dandi aditya,3,8 tahun lalu,tempatnya menyenangkan... harum 👌 …
W 1 ND,5,6 tahun lalu,Tempat refreshing di akhir pekan yg recommended
Marcel MKP,4,6 tahun lalu,"View Bagus, penginapan syariah, harga midle"
Lina Fauziyah,4,4 tahun lalu,Tempatnya lumayan luas.
Welly_ Backpakernesia,5,6 tahun lalu,Luar biasa.. view sangaaaat luar biasa
Sonya Asmara,4,6 tahun lalu,Makanan di restoran kurang bervariasi
TEGUH BUDIONO,3,6 tahun lalu,Jalur dalam lokasi tdk nyaman
Aji Prastama,5,3 tahun lalu,Syahduuu
Dyah Kusuma,4,6 tahun lalu,Yg mau berenang merapat.....
Ali Ibrahim,5,4 tahun lalu,Sangat bagus buat anak muda
riko the series,5,7 tahun lalu,Aku suka banget sama taman dolan
Rachmad Machmud,3,8 tahun lalu,Lumayan bagus untuk anak2
Arif Farchan,5,7 tahun lalu,Cocok buat keluarga
Hari Santoso,5,6 tahun lalu,Tempat asik buat liburan murah meriah
Dila H.,5,7 tahun lalu,"tempat nyaman , makanan enak"
Asril Hidayat,3,8 tahun lalu,Mudah di jangkau pinggir jalan raya
Andi Arianto,5,5 tahun lalu,Sip murah meria ada resto ya juga
Nuriati Itak,3,3 tahun lalu,Lumayan dgn suasana desanya
Iqbal Naufal,4,6 tahun lalu,nyaman dan cocok untuk anak muda
Andi Suparno,5,3 tahun lalu,Tempat buat liburan yg mantap
M. Rizky Raharja Putra,5,8 tahun lalu,Cocok buat berlibur 😁 …
Aryadanish Wahyudi,5,7 tahun lalu,Nyaman.adem.aman buat anak2
rendy frmn,5,5 tahun lalu,Tempat yang cocok buat hunting foto
Kholid Ibrahim,5,7 tahun lalu,Recomended untuk acara gathering
Stavin Nico,5,setahun lalu,Cari tau posisinya ada di mna
Farchie TV,3,5 tahun lalu,Lumayan
Nanang Alfianto,5,5 tahun lalu,Bole di coba kyk.y bagus untuk keluarga..
Magdalena Wisye,2,6 tahun lalu,Enak sich cman bnyak nyamuk
Lendra Darjid,3,8 tahun lalu,Lumayan buat liburan tipis2
Pakde Sarimbol,5,6 tahun lalu,"Tempatnya alami,  pinggir sawah dan kali"
Slamet Iswahyudi (Yudi),5,6 tahun lalu,Tempat alami cocok untuk keluarga
Sasi silowati,5,5 tahun lalu,Nyaman dn sejuk
Reza Fahlevy,3,8 tahun lalu,tempat wisata yang cukup mengibur
wiwin prasetyo,5,7 tahun lalu,air kolamnya dingiiin
Piter PCS,5,4 tahun lalu,"Duingiiiiin banget & asri , nuansa desa 👍👍👍 …"
afe el,4,7 tahun lalu,Tempatnya gak kotor
Yerry Septian Julianto,5,4 tahun lalu,Good cocok buat liburan kluarga
Deki Masinambouw,4,4 tahun lalu,Lokasi strategis dekat jalan raya
Abdilah Afianto,5,5 tahun lalu,Tempat liburan untuk keluarga. Mantap
Oppo Ajah,5,7 tahun lalu,"asri dn asri tempatx, nyaman bwt kel"
Amri Lestariyo,2,6 tahun lalu,Cocok untuk anak2
iir retceh,5,5 tahun lalu,"Oke, rekomendasi tempat outbound"
rujian khairi17,5,8 tahun lalu,Tempat super camp Griya Tilawah 2017
andri iqbal,1,6 tahun lalu,Makanan nya terlalu mahal
krishadi Prasetyo,5,5 tahun lalu,Nyaman
Susi Ratna,4,7 tahun lalu,Tempat asik dan unik
risky aulia,5,7 tahun lalu,Bagus
Wahyu Abdulloh,5,5 tahun lalu,Tempate indah murah meriah lg...
Agus sr slamet riadi,4,4 tahun lalu,"Hawanya Sejuk,Kota Batu Memang Kota Impian👍👍👍👍👍 …"
Cayo Keropi,3,7 tahun lalu,Kolam renang ya kurang luAs
Abu dzar Alghifary,5,setahun lalu,Suasana yang nyaman dan bahagia
RONIE BACHELOR CHANNEL,5,8 tahun lalu,Seruuuuu
Bagus Illham Lucyantoro,1,5 tahun lalu,Sekali saja cukup
she Tan,1,5 tahun lalu,Tidak sesuai dgn ekspetasi saya...
Yuda Widyantoro,4,4 tahun lalu,"Mantab, wenak n sejuk"
Arif Lukman Hakim,5,5 tahun lalu,Tempatnya sejuk dan nuansa pedesaan
Keyla Kev,5,setahun lalu,Sangat seru dan menyenangkan
Aunillah Ahmad,5,7 tahun lalu,Keren. Bagus. Indahnya pemandangan. Murmer
Mieta Agoesteen,5,4 tahun lalu,"Luas,nyaman,unik.."
Amrullah Fauzi,2,8 tahun lalu,Kurang memuaskan tempatnya
Dika Es mie jelly motif,5,7 tahun lalu,Makanannya lumayan
Adang Kosasih,5,6 tahun lalu,Tempat nya bagus untuk nyantai
أحمد الأندونيسي,2,2 tahun lalu,Wi Fi sering error.
Luscy Tandyono,1,5 tahun lalu,Cukup sekali aja
Vacqian Respati,5,5 tahun lalu,"Bagus, nyaman, pengalaman buruk dan indah"
erlangga fahran,4,5 tahun lalu,Kurang indah dikit viewnya
Redibintarto,5,7 tahun lalu,Nyaman didalamnya..
Butuh Uang,1,setahun lalu,pelayanan kecewa
Saya Nolep,4,6 tahun lalu,Penyajian pada makanan agak lama
Strike Mancing,5,7 tahun lalu,Buat main. Nongkrong bareng temen
intan handini,5,6 tahun lalu,enak murah tempat bagus
mas JOE Takgentar,4,6 tahun lalu,"Tempat strategis,edukatif dan murah"
Nafa Zahra,4,6 tahun lalu,Bagus dg suasana pedesaan
andiko channel,4,6 tahun lalu,Tempat yang bagus dan ada jugak otboun
INDAH OKTARIESATA,5,6 tahun lalu,Seru untuk outbond dan edukasi anak2
Muchamad Arif,4,7 tahun lalu,Lahan parkir sudah d tambah
Bunda Diana,4,6 tahun lalu,Tempatnya santai buat kumpul2
Siti alfiah,5,3 tahun lalu,bgus tempatx meskipun gk jd masuk
suwarna nadhira,5,3 tahun lalu,Murah meriah...asyikkk...
Winda jaya,1,7 tahun lalu,Kurang baik dan mengecewakan pollll
Jeffry Setiawan,4,7 tahun lalu,Masih baru fasilitas belum lemgkap
elhamsters,5,4 tahun lalu,Keren bgt
Yudi Ptk,3,8 tahun lalu,Cukup terjangko tiketnya
Bari Andika,4,5 tahun lalu,Hanya kolam renang saja
Bri Pandegiling,4,6 tahun lalu,"Suasana tenang,,,,"
dwi agus pateto,4,6 tahun lalu,Bagus & perlu di kembangkan lagi
Ruriyanto,4,Diedit 6 tahun lalu,Alternative liburan keluarga yang bagus
aprila lucyana dewi,5,5 tahun lalu,Nyaman santai tempatnya
Bagoes Sarjoedo,3,7 tahun lalu,Bisa utk rekreasi keluarga
PUTRI KURNIA WIDIATI,3,4 tahun lalu,Ada kolam berenang
Marchel Refly Warbung,5,6 tahun lalu,Penginapan keluarga yang bagus
Khusnul Arifin,5,6 tahun lalu,Pelayanan ramah satpamnya sopan
Yahya Abdillah,5,7 tahun lalu,Adem tmptnya
Afif Subhan,4,5 tahun lalu,Cocok untuk bersantai dengan keluarga
ana uswatin,5,3 tahun lalu,suasana malam dipenginapan indah
dendy setiawan,5,7 tahun lalu,Disini kolam renangnya adem
Riono Hafidz,5,4 tahun lalu,Nyaman untuk anak2...
Ade Ardian,5,6 tahun lalu,Tempatnya uassikkk...👍😁 …
Risky Dwi,5,5 tahun lalu,Bagus tempat nya
Nurlaelatul Fadilah,4,7 tahun lalu,Biaya masuk murah
Milla Wardhani Wardhani,4,6 tahun lalu,Bagus untuk berlibur dengan family
Wahyudi Agung Pribadi,4,7 tahun lalu,Biasa aja
CV ADIKARSA PRIMATAMA,4,2 tahun lalu,Lumayan nyaman
J3nny,5,7 tahun lalu,Bagus viewnya
Agus.ayahzaki@gmail.com Ayahbunda2011,5,8 tahun lalu,Dekat rmh
Adi Sugiarto,5,6 tahun lalu,Enak gila
Cipuk Endiah,1,7 tahun lalu,Fasilitasnya kurang baik
dian arisfian,5,7 tahun lalu,Bagua bgt
Astrid Wira Yudha,4,6 tahun lalu,Keren dg tema dkt dgn alam
A D,5,7 tahun lalu,Indah cocok untuk anak2
Mardiansyah Nurul Hidayat,5,setahun lalu,Ramai dan asik
Rizha Aflia Zulfa,4,6 tahun lalu,Cocok untuk liburan keluarga
Harun Pebruadi,2,6 tahun lalu,Kebersihan tempat perlu dibenahi
Nadhiera Alzahra,5,2 tahun lalu,bagussss bangetttt 😍😍
Trias Werdiningrum,5,7 bulan lalu,Mantap......👍👍👍 …
Aslam C.P. Siregar,4,7 tahun lalu,Suasananya sejuk banget
Yudi Abra,1,6 tahun lalu,Tempatnya sejuk dan bagus
Agus Winarto,5,5 tahun lalu,"Mantap,. Pelayanan ramah,.,"
Fery Nurdi,4,7 tahun lalu,Sederhana tp menyenangkan
Sachio Mikaylla,5,2 tahun lalu,Sangat bagus
Kang Muse,5,Diedit 5 tahun lalu,Sejuk dan nyaman
dewa dewi,3,7 tahun lalu,Masih perlu peningkatan kenyamanan
putu andika,5,5 tahun lalu,suasana nya enak.sekali
Ninis Choirun Nisa,2,8 tahun lalu,Tidak terlihat dari jalan utama
Cahyo Ardiyanto,5,6 tahun lalu,Kalau malam bagus
Rizki Pro,2,7 tahun lalu,Pelayanan yang kurang memuaskan
AINUR RIDWAN,5,8 tahun lalu,Tempat asri..suasana pedesaan..
astu rahayu,5,Diedit 7 tahun lalu,"Bagus,,cocok untuk refreshing klrga"
faadiyatus syifaa',5,5 tahun lalu,Makanannya enak 👍 …
Bulie Alfira,4,7 tahun lalu,Anak saya suka
yuyun lutfar,4,7 tahun lalu,Lumayan buat anak-anak
Muhammad Ridha,2,7 tahun lalu,Area bermain nya kecil
Arbyan Wira Brahmantyono Pambudi,1,7 tahun lalu,"Pelayanan jelek,judes,tidak sopan,tidak profesional"
Yekti Indah,5,setahun lalu,Pemandangan bagus
erfans ashadi,4,6 tahun lalu,Lumayan buat berlibur
Tanti Wahyuni,5,5 tahun lalu,Bagus tempatnya
Iwan Arga Wijaya,5,6 tahun lalu,Tempat awal di singgahi di kota batu
ahmat Damanhuri,5,5 tahun lalu,Cocok untuk rombongan besar
kembar fidza hafshah,5,6 tahun lalu,bagus pokoknya top👍 …
andri pras,5,8 tahun lalu,"Lucu, bebas, menyenangkan."
Chika Bianca,5,6 tahun lalu,Bagus tempatnya
agus choirul,4,6 tahun lalu,Taman bermain murah meriah ....
Dessy Ratnasari,2,5 tahun lalu,Tempatny terlalu sempit
nathan galang,4,7 tahun lalu,Bagus tempatnya
Abdoel Moedjib,3,6 tahun lalu,Kebersihan perlu ditingkatkan
Rannu Tumonglo,5,7 tahun lalu,Perpisahan dengan anak anak kelas 9
jayon 91,5,7 tahun lalu,"Enak, nyaman. good"
Quroquro,4,2 tahun lalu,Lumayan lah
Joni hartono Hartono,3,3 tahun lalu,Sangat nyaman
Maikal Azhar,5,5 tahun lalu,Konsepnya keren
bejo shc,3,5 tahun lalu,Hrs lebih pengelolaannya
Imam Praban,5,7 tahun lalu,Bagus buat refrsh
Masayu Nilawatisani,4,6 tahun lalu,Kuliner dan kolam renang murmer
ALZHA ADILA,5,6 tahun lalu,Sarapannya mantab
Ragil putri,5,6 tahun lalu,Edukasi wisata kolam renang
arifiandi _,3,4 tahun lalu,B ajah
Habib Setyawan,3,7 tahun lalu,Mantab harganya murah
randi steven,4,8 tahun lalu,Tempatnya menarik dan asri
Erwin Ichwana,5,4 tahun lalu,Sejuk nyaman dan tentram
Handoko Dwi santoso,5,6 tahun lalu,👍🏻 …
slamet dwi,3,8 tahun lalu,Fresh tempatnya..
Iwan Nuris Vlog,4,8 tahun lalu,Keren. Sederhana tapi istimewa
Apriza 100m,5,4 tahun lalu,tempat nya mantap puuooll
yoyok sugiarto,5,3 tahun lalu,Tempatnya asri seperti di pedesaan
Bagoes Soegab,3,7 tahun lalu,Bisa sebagai rwferensi anak anak
Irfan Darpin,5,8 tahun lalu,"Ngopi"""
Bajol Mudolson,4,8 tahun lalu,Keren maklum masih awal
lea indy,3,4 tahun lalu,B aja
Putri Ilhak,4,3 tahun lalu,👍👍
Junaedi Eka,1,7 tahun lalu,blm tau
Dwi Novita,4,5 tahun lalu,Seruuu maen air disini...
Dian,4,7 tahun lalu,Lumayan buat jalan jalan
Kuncoro Adityawan,3,7 tahun lalu,Waktunya renovasi
Bos Rojai,5,5 tahun lalu,Tempat nyantai dengan keluarga
Yusuf Sulistyo M,5,5 tahun lalu,Oke sip
Henindiar novrianti,5,6 tahun lalu,Tema outboundnya bagus
anita nursantiasih,4,3 tahun lalu,"Tempat adem, tenang, asri"
Ari Tulus,4,7 tahun lalu,Wahananya masih kurang
adik herbie,5,5 tahun lalu,Orangnya ramah
Tarjono Jono,5,4 tahun lalu,Alami nyaman murah ...
Dava L0ser,3,7 tahun lalu,Suasananya enak
Sahrul Munir,5,2 tahun lalu,Bisa juga untuk outbond
Nia talent psychologist 123,5,6 tahun lalu,Bener2 recomended
Foswan 74,5,6 tahun lalu,sangat khas ethnis banget
Bagus Novianto,5,Diedit 7 tahun lalu,👍 …
Indah Sri lestari,3,7 tahun lalu,"Bagus,  tapi kurang luas"
Em Ynus27,5,7 tahun lalu,Tempatnya bagus...
Vivin Tri Agustanti,5,7 tahun lalu,Tempat outbound dolanan tradisional
dhikri pornomo,4,6 tahun lalu,Nuansa perdesaan sangat kental
Yekti Asmoro Kanthi,5,7 tahun lalu,Buat dolan emang sip
arsya arvin,1,Diedit 5 tahun lalu,Tak seperti yg lain
Runiaz Gaming,5,7 tahun lalu,Deket rumah temen
Budi Sasmitro,4,6 tahun lalu,Menyatu Dengan alam
Trianova Hidayati,5,7 tahun lalu,Seru...asik...nyaman...recom
dedi priansyah,5,6 tahun lalu,Bagusss bangeddd
Triadi Jatmiko,3,7 tahun lalu,Murah meriah
Nur magfirah,5,5 tahun lalu,Tempatnya bagus sekali
Agus Puji,3,4 tahun lalu,Lumayan buat sikecil
PUR wanto,3,Diedit 6 tahun lalu,Murah meriah
Mr.silent rascal,5,7 tahun lalu,👍👍👍 …
Erfian Ramadhan,5,6 tahun lalu,Biasa ae se
Iwan yudi,4,7 tahun lalu,Suasana pedesaan yang asri
Salika Najiyya,5,6 tahun lalu,Selalu ramai pengunjung.
Virgo Flash,5,6 tahun lalu,Mantap sekali
rico Hendraa,5,7 tahun lalu,Sangat baguss
Muhammad Nurkhidzir,4,3 tahun lalu,Destinasi liburan unik
Suharjo Harjo,5,3 tahun lalu,Banyak wahana
Novita Musdolifah,5,3 tahun lalu,Tempatnya ok
Puspa Denny,3,7 tahun lalu,Tempatnya nyaman
segianto 39,3,7 tahun lalu,Indah..asri...sejuk...😄😄😄 …
Chusnul Cotimah,5,8 tahun lalu,😊😊😊 …
Daniel Sugama Stephanus,5,5 tahun lalu,Asyik...
UD DORANG,1,7 tahun lalu,Perlu pembenahan
Yoni,5,Diedit 6 tahun lalu,"Nginep, Makan, Main.."
delima oktaviani,5,6 tahun lalu,recomended kak❤️
Agustina Ekowati,5,Diedit 6 tahun lalu,Menanti kesempatan kedua
Shoni Achmad,4,Diedit 5 tahun lalu,Taman wisata kolam renang
akuoke,4,6 tahun lalu,lumayan tenang
Munawirul Qulub,3,6 tahun lalu,Taman bermain dan berenang
Jrenk Hendy,5,5 tahun lalu,🖒🖒🖒 …
Rip Rip,5,5 tahun lalu,belajar jadi guide
vulkan abriyanto,5,6 tahun lalu,Kembali bermain tradisional di sini
Zakia Kamila,5,7 tahun lalu,Bagus..
Rafie Candra,4,6 tahun lalu,Tempatnya bikin relax
ony redys rahma,5,7 tahun lalu,👍👍👍👍 …
zainul nichlany,5,4 tahun lalu,Mantab sekali
siti rahmawati,5,2 tahun lalu,Keren
Aril Lanang,4,5 tahun lalu,"Dingin , Sejuk dan Alami"
joko siswanto,4,7 tahun lalu,Tempat masih baru
Ngadi Tamen,5,6 tahun lalu,Sangat menghibur
Rony Cahyono,5,5 tahun lalu,Mantap buat keluarga
ayah bunda,4,3 tahun lalu,👍👍👍👍
Mahfud Efendi,5,6 tahun lalu,nuansa pedesaan banget
Iqbal Ali Wafa,5,6 tahun lalu,"Mainan zaman dahulu,...."
Mawaddah Madha_Adha,5,7 tahun lalu,Tempatnya bagus
Nanang Nurcahyo,4,5 tahun lalu,Cukup bagus
ilham hari wibawa,3,7 tahun lalu,Tempatnya bagus
Jhum Channel (poo),5,6 tahun lalu,dingin banget
Muhammad Kaisi,5,2 tahun lalu,Seruuu
Qadafi Rahman,5,6 tahun lalu,Keren abis...😆😆😆 …
Reky Irawan,5,2 tahun lalu,Mntap
Retno Sugiarti,5,4 tahun lalu,Fasilitas 👍🏻👍🏻👍🏻 highly recommend 👍🏻👍🏻 …
Dmic Yahya,5,6 tahun lalu,Bagus!!!adem.
Azid Zizou,3,6 tahun lalu,Lumayan lah
Aurora Hafiz Channel,4,2 tahun lalu,Mantab
Marifanto Ramadhan,5,7 tahun lalu,Kagak.masuk
pauline liando,5,8 tahun lalu,👍👍👍👍👍 …
shinta gustine,5,5 tahun lalu,"Bagus, edukatif"
Joko borjonk's,5,7 tahun lalu,Nyaman untuk keluarga
Sadika Dika,5,7 tahun lalu,Buat anak anak
Evander Hansen,5,5 tahun lalu,anak senang renang
roemah cetak Adv,2,6 tahun lalu,Tempat kotor
ardelia belva,4,8 tahun lalu,Lumayan alami
Ahmad Rifai,5,6 tahun lalu,Kenangan
Anrif Slem,3,5 tahun lalu,Bagus untuk hunting
Siti Rofiah,1,6 tahun lalu,Kurang cocok
Abdoel Moedjib,5,6 tahun lalu,Simple dan murah
Ambarrika Romanti,5,7 tahun lalu,Tempat bermain tradisional
Hendarto Darto,5,3 tahun lalu,Tempat yg asri
ayu kartika,5,4 tahun lalu,Rekreasi keluarga
hanafi jaya putra,5,5 tahun lalu,Anak anak pasti senang
Bambang Sulistyo,5,Diedit 4 tahun lalu,"makin ramai,"
Retno Go,4,7 tahun lalu,Makanan enak
Arivian Fahri,5,6 tahun lalu,Mantap kali
msm- Acc,3,7 tahun lalu,Biasa banget
mahmudah mahmud,1,7 tahun lalu,kurang menarik
#KeluargaPath2Along,4,7 tahun lalu,Dingin dan dingin
Moch Khafidz,2,5 tahun lalu,Kurang menarik
zeus nithar,4,6 tahun lalu,Cocok untuk anak anak
Adel gpa blok ig 4 Malang,4,7 tahun lalu,Renang yukkkkkkkk
Lulut Prastyo,3,5 tahun lalu,Konsep pedesaan
Puput Handayani,5,6 tahun lalu,Tempatnya asik...
Aji Gigih,5,7 tahun lalu,murah meruah
Firmansyah Sultanu,4,7 tahun lalu,Tempat edukasi anak
Tono Aja,5,3 tahun lalu,recommend sekali
PRANATA Suropati Official,5,3 tahun lalu,Bagus
Ari Susanti,3,6 tahun lalu,Tempat Outbound n Gatering
Muhammad Saifuddin,3,4 tahun lalu,Mantap
Mohammad Sekar Jumad,5,3 tahun lalu,Suasana malam taman dolan
ummu farhah,3,7 tahun lalu,biasa saja
Yusnita Nita,5,Diedit 7 tahun lalu,Oke aja...
Talita Sakhi,4,4 tahun lalu,Bagus
Machwik MZM,3,6 tahun lalu,"Nyaman, representatif"
kiki agustin,3,3 tahun lalu,istimewa
Hastin Iflahah,4,4 tahun lalu,Lumayan
peppy soeprijono,5,7 tahun lalu,Mengasikkan twmpatnya
Farizal Anwar,5,3 tahun lalu,Mantap
Herwin Praktista,5,4 tahun lalu,Asiik
Dede Sulaiman,5,4 tahun lalu,Mantab
Yefta Kusuma,5,4 tahun lalu,Istimewa
oskar black,5,7 tahun lalu,Keren dan murah
zai an,3,6 tahun lalu,Lumayan
Denisa,5,3 tahun lalu,"Hiburan
Refreshing
Rekreasi"
ikrm jjang,4,7 tahun lalu,Asik
Wariyono Wawa,1,7 tahun lalu,Lumayan
Amaa Rasyaa,3,5 tahun lalu,Lumayan
dodi maulydia,4,6 tahun lalu,Lumayan
FRANCISCA RIAMA,5,7 tahun lalu,Bgs
septyan rahmad,3,7 tahun lalu,Jernih
Qomari Qomariyah,5,5 tahun lalu,Nyaman
hadi ismanto,5,5 tahun lalu,Bagus
Wayan Mahmudy,4,5 tahun lalu,Bagus
TRVLF,3,5 tahun lalu,Lumayan
erry suparwan,5,7 tahun lalu,Bagus
Putut Irmawanto,3,6 tahun lalu,Lumayan
Setyowati Setyowati,4,7 tahun lalu,Sejuk
Ellis Eyiz,4,5 tahun lalu,Ramah
Achmad Syahrifudin,5,5 tahun lalu,Seru
Kahfi Kay,5,6 tahun lalu,Bagus
Galih Riwayati,5,5 tahun lalu,Bagus
syafa'at haru prahara,3,6 tahun lalu,Lumayab
Tukang Review,5,4 tahun lalu,Seger
Nurul Hidayati Zakia,4,5 tahun lalu,Lumayan
Pabrik Souvenir CV. Nabata Souvenir,4,7 tahun lalu,Dingin
Ario Setyo Anggoro,5,7 tahun lalu,Enak
Mo mo,4,7 tahun lalu,Sejuk
Diana Herinawati,4,Diedit 6 tahun lalu,Bagus
Muzaki Arf,5,Diedit 6 tahun lalu,Bagus
Raden Mas Garangan,5,6 tahun lalu,Asri
anis ma'rifah,5,3 tahun lalu,Seru banget disini..
Arif Dwiyono,5,Diedit 6 tahun lalu,Asri
Anny Herawati,5,6 tahun lalu,Asik
Ardina Inak,5,7 tahun lalu,Bagus
Gendhis Wijaya,3,7 tahun lalu,Pemandangannya indah
mm mbr,3,7 tahun lalu,Adem
Zulfi Andriani,3,6 tahun lalu,Siap
hendro suminto (Hends),5,5 tahun lalu,Keren
Alfino Firdaus,2,Diedit 6 tahun lalu,Oks
Rizky Subagia,5,7 tahun lalu,Bagus
Fani Fariedah,2,8 tahun lalu,Jorok
muhammad aris sandi,5,Diedit 6 tahun lalu,Bagus
enjoy yourfood enaak,5,7 tahun lalu,Tes
andriyani hyunjin,3,7 tahun lalu,Lumayan
RYAN SIREGAR,3,7 tahun lalu,nyaman
radja silver,3,9 tahun lalu,lumayan
Achmad Dedy Suparno,4,Diedit 6 tahun lalu,Tentram
Ibi Mustofa,5,6 tahun lalu,bagus
Budi Ad,5,7 tahun lalu,Ramai
Febri Satria,5,5 tahun lalu,Pemandangannya indah
elco kurniawan,2,7 tahun lalu,Kumuh
Saddam Husein,4,6 tahun lalu,Lumayan
Yahya Yumirat,4,7 tahun lalu,Sepi
marsono 18,4,7 tahun lalu,Bagus
Feri Pranowo,5,6 tahun lalu,Lumayan
Alex Mboizz,5,6 tahun lalu,oke
Nila Krisnawati,3,7 tahun lalu,Asik sejuk
Dulur Kamisama,4,7 tahun lalu,Keren
Begenggek Man,5,6 tahun lalu,Apik
Joestamadji,4,7 tahun lalu,Alami
Zein Ahmad,4,7 tahun lalu,Asri
Danang Sugeng Riyadi,5,6 tahun lalu,Sejuk
suaibah sunyoto,4,6 tahun lalu,Lumayan
muhammad ghofur chalim,5,7 tahun lalu,Bagus
yan com sablon,5,6 tahun lalu,Mantab dan menghibur
Cartoon For Everyone,5,7 tahun lalu,Bagus
Ricky Chandra,5,5 tahun lalu,Ramah lingkungan
Dicky Arie Budianto,5,5 tahun lalu,alternatif rekreasi
sulfiratno one,4,7 tahun lalu,Lumayan sip
Tara Saga,4,2 tahun lalu,Lumyan murah
Yuni Sugiarto,3,5 tahun lalu,Lumayan....😀 …
Imam Gozali,1,2 tahun lalu,kurang seru
Kasan Kaisu,5,2 tahun lalu,Mantab..👌👌👌 …
Yendi Laksono,5,6 tahun lalu,Suasana nyaman
Janitra Tour,4,Diedit 6 tahun lalu,Suasananya adem
Harry Gondo,4,6 tahun lalu,Tempat bagus
akhmad farid,5,4 tahun lalu,Asyik asri
Nahdan Musthofa,4,7 tahun lalu,lumayan...
ooh sehun,5,Diedit 7 tahun lalu,Asik liburan di situ
Arif Affandi,5,6 tahun lalu,Tempat yang  asri.
Indra Widya,5,4 tahun lalu,Sip
Ginanjar Wido,4,5 tahun lalu,Sip
Dian Lisa,5,5 tahun lalu,Dingin.....
Muhammad Nurrahman Rifai,5,6 tahun lalu,Sip
Nofi “Vj” Wijayanti,4,7 tahun lalu,murmer dan asri
Tomy Nugrahadjati,4,5 tahun lalu,Representatif untuk keluarga
erwin,4,6 tahun lalu,Recomended
Zainul A,5,6 tahun lalu,Ngantar anak rekreasi
budikrisdian caem,4,5 tahun lalu,Seru main di sini
Maya Christanto,3,5 tahun lalu,Kurang seru
Chrysler Chandra,5,6 tahun lalu,Sip
Micro Batu,5,7 tahun lalu,Banyak user
ridolof nahumury,5,6 tahun lalu,Desa banget
riky agoestian,5,6 tahun lalu,Sip
Triyuda Eka,5,2 tahun lalu,Suasana asri
Afif Efendi,4,6 tahun lalu,Wisata keluarga
NKRI,4,2 tahun lalu,Suasana asri
bang karmins,4,8 tahun lalu,asik sekali
Yuyun Agustin,5,6 tahun lalu,Wisata kesawah
steve joko,2,6 tahun lalu,Kayak hutan
Febri Saputro,5,4 tahun lalu,Berkali2 kesini
Hery Susanto,4,5 tahun lalu,Enjoy & edukatif
Samsul Huda,4,7 tahun lalu,Tempat refresing
Fanta Andika,1,5 tahun lalu,Nabila shinta
Dwi hartanto,5,7 tahun lalu,Ayo dolan kesini
Okie loh,5,5 tahun lalu,Tempat asri..
Nazril Razkha,5,6 tahun lalu,menyenangkan
Dwi Lukito,5,5 tahun lalu,Menyenangkan
Zainul Logy,3,7 tahun lalu,Air tolong air
Udin Lamo,5,7 tahun lalu,Suasana Indah
iksir Thoubi,4,7 tahun lalu,Alami dan indah
Ya'kup Ansorullah,5,9 tahun lalu,Edukasi wisata
zainul hasan,5,5 tahun lalu,Batu malang
Rosnia Ika Arianingsih,5,15 jam lalu,Adem bgt suasanannya
Didik Triyasmoko,1,seminggu lalu,Sarapan pagi sampe jam 8.30 blm dapat...gekk pie...
monolism,4,sebulan lalu,"Saya ke sini untuk karyawisata sekolah. Lumayan bagus, tempatnya luas, rumah-rumahnya bagus, fasilitasnya lengkap (karaoke, musala), dan airnya bersih banget. Ya, saya coba minum xd. Stafnya biasa saja, dan secara keseluruhan tempatnya memang luas. Untuk apa yang bisa dilakukan, tempatnya luas banget. Sangat direkomendasikan ^_^"
siswanto sis,3,6 tahun lalu,"Tempatnya bagus dengan harga terjangkau. Menawarkan kamar untuk menginap dengan bangunan kayu bergaya kuno dan pemandangan alam yang indah. Kelas outbond adalah nilai tambah di sini. Makanannya juga lezat dengan harga terjangkau. Namun, kolam renangnya perlu diperbaiki, akses tangga licin saat musim hujan, dan rambu akses yang belum jelas membuat frustrasi."
Fadilla Sherlyna,3,2 tahun lalu,"Memberikan pemandangan indah saja tidak cukup bila fasilitas ruangan kurang. Sandal cuma 1, pengering rambut tidak ada, dan handuknya kurang wangi. Sabun dan shampoo merupakan campuran dari satu produk. Layanan kamar tidak menjawab panggilan kami. Menunya biasa saja."
Mohammad Ferianto,2,6 tahun lalu,"Taman Dolan adalah taman rekreasi dengan kolam renang sebagai bagian paling menarik. Meja informasi menyebutkan adanya taman bermain, tetapi kenyataannya hanya ada area kecil tanpa mainan untuk anak-anak. Tempatnya juga kurang terawat karena areanya kotor dan lantainya licin. Kelebihannya mungkin hanya pada rasa makanannya dan harganya yang tidak mahal."
Tia Andamsari,5,4 tahun lalu,"Permata tersembunyi di tengah kota Batu. Terpencil di sini, dikelilingi oleh ladang sayur, suara kodok, suara gemericik air dan udara sejuk 18 derajat. Sungguh kenikmatan surgawi."
William Wiedjaja,1,6 tahun lalu,"Tidak direkomendasikan. Tempatnya tidak terawat dengan baik, tidak dibersihkan setiap hari. Lupakan kolam renang karena tampak seperti terbengkalai di tengah pembangunan. Seprai kotor dan tampak tidak dicuci selama beberapa waktu. Tempatnya kotor dan berdebu. Lupakan saja jika Anda ingin ketenangan pikiran saat menghabiskan akhir pekan."
yudiz a,5,3 tahun lalu,"Sebuah hotel dengan suasana khas pedesaan Jawa di dataran tinggi yang memberikan suasana sejuk, adem dan cocok untuk bersantai dengan suara gemericik sungai kecil..."
Chandra Imam Arianto,4,5 tahun lalu,"Tempat ini benar-benar keren dan ramah alami. Jika Anda menginap dan tidur di sini, suasananya terasa seperti tinggal di desa yang jauh dari kota. Suasananya alami.

Plus (+) hal:
1. Tempat menginap terbaik untuk menghindari rutinitas yang padat, ubah kehidupan modern Anda sehari-hari menjadi kehidupan pedesaan di desa kecil. Menyatu dengan alam.
2. Resepsionis dan stafnya sangat sopan dan ramah. Menurut saya, ini budaya Jawa. ""Unggah"" mereka jarang ditemukan di kota saya, LOL.
NB: Saya bertemu beberapa staf yang sedang tidak bertugas (sepertinya mereka ingin pulang dari tempat ini) yang masih di area parkir, mereka menyapa kami dan memberi tahu kami bahwa kunci kami diletakkan di lobi di belakang. (bukan di lobi utama). 3. Banyak sekali mainan dan peralatan bermain, maksud saya yang tidak konvensional, mainan klasik seperti Egrang, Dakon, Yoyo, Gatrik, dll.
4. Kolam renang klasik (bisa dibilang ini danau buatan) seperti yang saya temukan di desa waktu kecil dulu. Keren dan penuh nostalgia.

Satu-satunya kekurangan tempat ini, maksud saya mereka harus memperhatikan ini dengan baik, menurut saya (seharusnya saya beri 5 bintang, tapi mereka harus memperhatikan ini, itulah alasan saya kurangi 1 bintang)
1. Waktu check-in lama sekali. Saya menghabiskan hampir 30 menit di tengah hujan, menunggu kamar saya tersedia meskipun saya datang sekitar jam 2 siang. (biasanya check-in setelah jam 1 siang, semuanya sudah siap)
2. Gerbang utamanya bukan ""gerbang utama"" yang sebenarnya, membingungkan. Waktu saya ke Batu untuk menginap, kunci saya tertinggal di gerbang utama yang sebenarnya, lalu saya kembali lagi ke tempat yang sama, dan sayangnya kuncinya ada di pintu belakang (dekat area parkir) yang agak jauh dari gerbang utama. Dan mereka tidak menyediakan transportasi antar gerbang utama.
3. Kamarnya belum siap untuk tamu (setidaknya untuk kami). Air hangatnya belum berfungsi (sampai diperbaiki), sandal tidak disediakan di hari pertama, meskipun sudah disiapkan di hari kedua.
4. Gantungan baju tidak tersedia di kamar, jadi kalau mau menggantung baju, percuma saja.

Akhirnya, saya bisa bilang kalau saya masih menikmati menginap di sini."
Millatun Navisah,5,3 tahun lalu,"Taman edukasi dan outbond, fasilitas: kolam renang, tubing, flying fox, permainan tradisional, homestay, warung ingkung, mushola, kamar kecil. Tempat yang cocok untuk bersantai."
rullyta indrianti,5,3 tahun lalu,"Pemandangannya indah, tim outbondnya ramah, aktivitasnya seru termasuk river tubing dan flying fox. Rasa makanannya juga lumayan. Semoga mereka bisa menjaga semua fasilitasnya juga. Teruskan kerja bagusnya, tim Taman Dolan :)"
Pranata Santoso,5,3 tahun lalu,"Jika Anda ingin merasakan suasana pedesaan Indonesia, inilah tempatnya. Pintu masuknya mudah ditemukan, meskipun tidak terletak di jalan utama kota Batu.

Anda akan ragu saat memasuki tempat ini, tempat ini terlihat kecil tetapi setelah Anda menjelajahinya, ternyata sangat besar dan Anda akan mudah tersesat di sini.

Mereka memiliki banyak kamar untuk disewa dan dalam berbagai ukuran, bahkan mereka memiliki kamar bergaya pondok keluarga. Kamar tidurnya bersih, kamar mandinya juga. Mereka tidak menyediakan AC tetapi itu tidak perlu karena Batu memang cukup dingin. TV kabel juga disediakan, tetapi Anda akan kehilangan banyak hal jika Anda menghabiskan waktu menonton TV.

Di bagian belakang ""kamar hotel"" Anda akan mendapatkan pemandangan sawah yang indah dan ya Anda dapat menjelajahinya. Mereka juga memiliki kolam ikan dan beberapa ""pendopo"" ruang terbuka tempat Anda dapat duduk untuk menikmati pemandangan, bahkan menyantap makanan Anda di sana. Tanyakan saja kepada staf hotel dan mereka akan dengan senang hati menyiapkan makanan Anda di sana.

Mereka juga memiliki beberapa kolam renang, kolam renang untuk anak-anak memiliki air yang dipanaskan. Sangat bagus.

Semua stafnya ramah dan baik. Makanannya lezat, tidak perlu memesan dari restoran lain dan harganya terjangkau. Bagi saya ikan bakar dan ayam bakarnya termasuk yang terbaik.

Saya pasti akan kembali menginap di tempat ini saat berada di Batu. Tidak diragukan lagi."
Dyah KS,5,6 tahun lalu,"Taman Dolan di Batu, tempat makan dengan akomodasi dan kolam renang anak-anak"
Gumbert maylda pratama,5,7 tahun lalu,"Konsep yang bagus untuk menggabungkan alam dan restoran.
Ada beberapa mainan tradisional yang membuat anak-anak sibuk.
Pemandangannya bagus dan pelayannya ramah."
Agung Prabowo,4,7 bulan lalu,Udara dingin...
Kabeka Garage,4,Diedit 8 tahun lalu,tempat yang bagus untuk sarapan bersama keluarga di area kota batu
Marc Kellenberger,2,2 tahun lalu,"Saya menginap 4 malam di hotel ini. Tempatnya indah dan ternyata tenang, dikelilingi pepohonan hijau.

Tapi saya sadar, ternyata tidak aman sama sekali. Seseorang masuk ke kamar saya saat saya sedang pergi dan mengambil uang Rp800 ribu. Saat saya bicara dengan resepsionis, mereka sama sekali tidak bisa membantu, mereka hanya bilang staf mereka tidak akan melakukan itu. Rupanya, seseorang yang punya kunci masuk ke kamar saya (saya baru sadar kuncinya berbeda). Pastikan uang Anda aman saat menginap di sini. Manajemen seharusnya memeriksa staf mereka."
Nadia Amalina,4,5 tahun lalu,"Tempat ini sebenarnya nyaman. Tapi tidak saat ada sekelompok orang yang melakukan aktivitas outbond di pagi hari atau bahkan di malam hari. Ini terjadi selama saya menginap di sini, beberapa orang mengadakan pesta di malam hari, saya tidak bisa tidur. Makanannya enak. Tidak ada kipas angin atau AC di kamar, jadi panas di siang hari, tapi jangan khawatir, dingin di malam hari. Pastikan Anda tidak berada di kamar di sore hari. Seprai agak berdebu dan kotor, jangan sebutkan handuknya. Sebaiknya Anda membawa handuk sendiri. Ada masalah dengan pemanas air, staf mereka cepat memperbaikinya. Sementara itu untuk pemandangan, yang terbaik ada di luar homestay, khususnya di bagian belakang area. Pemandangan kotanya indah. Homestay ini bukan pilihan pertama saya, dan saya mungkin tidak akan pernah kembali. Ini pengalaman satu kali."
Farah Rizky,5,3 tahun lalu,"Baru saja menyelesaikan pengalaman outbond bersama tim
Keramahtamahan dan makanannya bagus 👍
Kegiatan outbond secara keseluruhan bagus …"
Ye Rachmanda,4,Diedit 8 tahun lalu,"Mudah dijangkau, memiliki kolam renang dan harga terjangkau."
Aryo Prastowo,3,setahun lalu,"Makanan saya memang enak untuk semua yang pernah saya makan di sana...! Tapi tempatnya, konturnya, rasanya seperti masuk labirin atau semacamnya, akan lebih parah kalau hujan, mungkin perlu ditata ulang di mana-mana agar kami bisa merasa lebih nyaman saat masuk."
M.choirul Mubaini,1,4 tahun lalu,Resto GK direkomendasikan karena niat GK
Fahmi Amrullah,4,8 tahun lalu,Nikmati pemandangan alam yang segar dengan anggaran terbatas. Direkomendasikan!
Nita,4,8 tahun lalu,"Pemandangannya bagus, sejuk, airnya sejuk.."
Agung Hartadi,4,6 tahun lalu,"Tempat yang nyaman untuk melarikan diri dari hiruk pikuk kehidupan kota. Anda bisa kembali ke masa lalu. Tempat ini seperti kehidupan desa kuno, tetapi dengan sentuhan fasilitas modern. Anda bisa melakukan river tubing, trekking, dan arung jeram di sana. Cocok untuk berkumpul bersama keluarga."
Satrio Puspito - IT SURABAYA,5,4 bulan lalu,Dingin dan dingin
Sri Rahayu,5,Diedit 7 tahun lalu,"Terletak di Batu dan hanya 5 menit dari Karangploso - kami suka tempat ini, cukup aman untuk membawa anak-anak. Tersedia kolam renang khusus untuk balita, anak-anak, dan dewasa. Mereka memiliki area outbound dengan staf yang ramah dan membantu. Setelah itu, kami dapat menikmati hidangan seperti gurami bakar, ayam panggang, dll. Minuman favorit saya di sini adalah teh mereka yang memiliki rasa yang kuat. Tempat ini dikelilingi oleh peternakan yang udaranya sejuk - mereka juga memiliki semacam homestay untuk disewa. Direkomendasikan untuk reuni keluarga, program organisasi Anda, dll. Pasti akan berkunjung lagi."
AleMambang Mataram,5,Diedit 3 tahun lalu,"Tempat yang tenang untuk bersantai bersama keluarga.

Anda akan menemukan suasana pedesaan selama menginap di sini. Burung-burung, sawah, aliran air alami. Apa pun yang Anda harapkan dari desa ini,
Namun,
Anda perlu berkompromi dengan kondisi pandemi saat ini.

Banyak fasilitas yang tidak terawat dengan baik.

Terakhir namun tak kalah penting... Semoga beruntung untuk Taman Dolan."
ARUM APRILLIA CHARISMI,5,3 tahun lalu,"Tempat yang bagus untuk menginap. Saya menginap satu malam. Semua staf ramah, semua tempat dikelilingi pepohonan, air, kolam ikan kecil. Jalan-jalan di sekitar dan ada gubuk mini untuk minum kopi dan bersantai. Sayangnya kafe mereka tutup saat saya menginap."
Septarani Satriastiwi,3,8 tahun lalu,"Tempat rekreasi terjangkau di Batu. Banyak permainan tradisional seperti egrang Jawa, hula-hoop, dan masih banyak lagi. Tempatnya bagus, makanannya luar biasa. Namun, Anda tidak bisa memesan makanan dari tepi kolam renang, dan agak melelahkan. Untuk detail lebih lanjut, kunjungi ranchankudo.blogspot.co.id"
Tennman,3,8 tahun lalu,"lumayan lah dan menyegarkan. ada 3 tipe kolam renang. tapi untuk makanannya sangat direkomendasikan. saya rekomendasikan anda untuk makan ""Ayam Bakar Ingkung"" (Ayam panggang dengan bumbu jawa spesial seperti serai, cabai merah, dan lainnya)... wajib dicoba"
Hery Gunawan,3,setahun lalu,"Tempat ini perlu banyak perbaikan, sepertinya terbengkalai. Semuanya hijau, tapi kalau ke sana, banyak nyamuk. Gatal banget! Sarapan tidak disediakan, AC pun tidak ada."
Agustina Dewi,4,7 tahun lalu,"Anak-anak saya suka kolam renangnya. Balita di sini, kakak perempuannya di sana, dan orang dewasa juga ada di sana.
Mereka juga menjelajahi taman bermainnya. Taman bermain bambu alami yang bagus.
Ada beberapa spot foto alami yang bisa dijadikan latar belakang. Dengan harga segitu, senang rasanya bisa ke sini."
Bambang Suprianto,5,4 tahun lalu,"Tempat favorit baru untuk jalan-jalan
Suasananya sejuk"
Ira Herawati,5,7 tahun lalu,"Ini adalah kolam air alami dengan pemandangan yang menakjubkan dan Anda dapat bermain permainan tradisional seperti egrang, hulahoop, dan klompen raksasa. Anda juga dapat menginap semalam di wisma alami dengan pemandangan alam."
Achmad Subianto,5,setahun lalu,Dingin segar
Endin Wahyudin,4,3 tahun lalu,Udara sangat dingin.
Lucky Primadana,3,8 tahun lalu,"Tempat yang bagus untuk rekreasi bersama keluarga. Ada kamar pribadi, resto dan kolam renang. Dan juga berbagai macam permainan tradisional seperti egrang, Flying fox dan lain-lain."
joeriet m ali charly,4,5 tahun lalu,Tempat yang sangat bagus dan makanannya enak
Sukono Sukono,4,8 tahun lalu,"Tiket masuk terjangkau, kolam renang airnya segar dan menyegarkan, makanannya enak, tetapi secara keseluruhan agak sulit untuk dijelajahi karena medannya."
A. R. M. Yanipa,4,6 tahun lalu,"Kegiatan outdoor, outbond, tubbing, pool dan tentunya makanan dan minuman juga dengan cita rasa yang enak. Tempatnya agak lelah dan kebersihannya bisa ditingkatkan."
Darma Yanti,5,8 tahun lalu,"Makanan ayamnya enak banget..tiket murah, tempatnya bagus"
Yayak Griezmann,3,6 tahun lalu,Suasana sejuk
Albertus Wibowo,4,2 tahun lalu,"Tempatnya bagus untuk outbond, tapi untuk fasilitasnya kurang bagus, banyak yang perlu perawatan."
SD Anak Saleh,3,6 tahun lalu,Tempat yang bagus tapi masih dalam tahap renovasi
Ahmad Jamil,5,3 tahun lalu,"Pemandangan bagus, makanan enak, pelayanan bagus✨"
Laila Ramadhani,3,7 tahun lalu,"tempatnya bagus, tiket masuknya murah, tapi sayang tempat parkir motornya kurang rapi."
rudy tirta,5,5 tahun lalu,"Pelayanan ramah, lokasi strategis... udaranya juga bagus.... penting untuk direkomendasikan"
Agung Ferdianto,5,5 tahun lalu,"suasana desa, ramah, bersih...sip"
FelycItta Wijaya,5,5 tahun lalu,Bagussss
Setyawan 90,5,4 bulan lalu,Josss
Rechva Dian,3,7 tahun lalu,"Sejuk, bersih dan segar"
Arief Syarifuddin,4,7 tahun lalu,"Terletak tepat di pinggir jalan utama, tersedia tempat parkir untuk bus, mobil, dan motor. Fasilitasnya lengkap."
Mury Taserina,5,3 tahun lalu,Tempat yang bagus untuk kelas tamasya
10_Izala Aoham,4,7 tahun lalu,Tempat yang bagus untuk bersenang-senang bersama teman dan keluarga..
Farah Awalya Ramadhanti,4,setahun lalu,"Sayangnya kami datang pada hari hujan, tidak begitu menikmati tempat ini"
Family SaNo,4,4 tahun lalu,Sejuk untuk bersantai dengan pemandangan pertanian pegunungan
Andi Setiawan,5,3 tahun lalu,Tempatnya dingin.
Bima Aji,5,5 tahun lalu,Bagus untuk mengumpulkan perusahaan
Samsul Arifin,5,6 tahun lalu,Akomodasi vila lumayan. Makanan lumayan. Pemandangan juga lumayan.
yudanta raidan,5,2 bulan lalu,
MJoko Triono,4,5 tahun lalu,"Keren banget, cantik, pemandangannya juga indah."
Kurokenstein,3,7 tahun lalu,Lebih merupakan tempat untuk makan daripada tempat untuk bersantai.
lailatul farida,4,setahun lalu,
Dwi Indri Yani,3,9 bulan lalu,
zakfar evendy,3,6 tahun lalu,Makanannya lezat tetapi penelitiannya lama.
mas ndhut,5,4 tahun lalu,Tempat yang bagus untuk menghabiskan liburan
Wisnu Brata,4,6 tahun lalu,"Tempat yang bagus, memiliki tempat alam dan memiliki kolam renang yang bagus"
Toni Wahyudi,4,8 tahun lalu,Tempat yang bagus untuk bersantai sambil makan enak
Toni Dejamuran,5,6 tahun lalu,Tempat yang bagus untuk pelajar
Witarto Indio,5,3 tahun lalu,
Eko dian kurniawan,2,6 tahun lalu,"Pemandangannya bagus, tapi kurang cocok untuk menginap bersama keluarga."
Dhian Happy,4,3 tahun lalu,
Nisful Laili,5,7 tahun lalu,Keluar...ucrit saya
No body's Perfect,3,Diedit 3 tahun lalu,
Artcheryes,5,10 bulan lalu,
Gayuh Prayoga,3,5 tahun lalu,
Memey Ndari,5,4 tahun lalu,
Yukien Aryo toys & baby shop,5,2 tahun lalu,
FERLY ANGKOT MALANG,5,2 tahun lalu,Omong-omong
David David,5,7 tahun lalu,"Dekat dengan rumah saya, tempatnya sangat menarik, nyaman, dan penuh kebahagiaan"
Fitriana Aja,5,6 tahun lalu,
Ranggi Habibie Narno Putra,5,3 tahun lalu,"Keren, pemandangannya bagus"
Den'y Boy,5,5 tahun lalu,Tempat terindah yang pernah kukenal. Suasana yang luar biasa.
Yullia Tan,5,5 tahun lalu,
Aris Yuda Kristian,5,6 tahun lalu,
dharma sasanti,3,6 tahun lalu,
mama naqi,3,7 tahun lalu,Ayam Ingkungnya enak banget....
adinda anggi,5,4 tahun lalu,
Mimin Larusso,5,5 tahun lalu,Luar biasa....
Happy Banana,5,setahun lalu,
Jonathan Riski Evano,5,8 tahun lalu,"Dolan Park, Batu, Malang"
edy purwanto,4,5 tahun lalu,Lumayan untuk menyegarkan diri bersama anak-anak
Dhiyan Wulandhari,4,6 tahun lalu,Cocok untuk outbond
Aditya Manafiska Putra,4,2 tahun lalu,
Randy Aquilla Rampengan,5,setahun lalu,
Ri Vha,5,6 tahun lalu,
Monty Montesky,5,7 tahun lalu,Direkomendasikan bagi mereka yang membutuhkan suasana berkumpul di pedesaan
Didit triesmawan,4,4 tahun lalu,Pas untuk mengajak anak-anak jalan-jalan.
Herna Widiya,4,3 tahun lalu,
Wahyu Eka,5,2 tahun lalu,
Bu Wahyu,4,5 tahun lalu,"Suasananya sejuk, makanannya lezat."
Ansi Auliya,4,6 tahun lalu,Rekomendasi liburan untuk out bond dan hotel kondominium
Betzy Lekho,5,6 tahun lalu,Tempat yang luar biasa untuk menginap bersama keluarga atau teman
pepino,5,2 tahun lalu,
Nabila Nataza,5,7 tahun lalu,Kesegaran
Akhmad Dhe,4,6 tahun lalu,Ya harga murah suasana sawah menyenangkan
tanto matthew,5,3 tahun lalu,
Zero Code,5,6 tahun lalu,
Han Online,4,7 bulan lalu,
Yusant noor yulia,5,6 tahun lalu,Tempat yang sangat menyenangkan dengan pemandangan alam.
Xavier Trivia,5,setahun lalu,
wicks !,3,6 tahun lalu,berenang dan menjelajah
Mahesa,5,2 tahun lalu,
Tasliman Ubaidillah,5,4 tahun lalu,Suka sekali dengan tabung airnya.
Ewiq Dwi,5,2 tahun lalu,
Lina Negara,5,5 tahun lalu,
delete vanhellscream,4,6 tahun lalu,tempat yang bagus untuk berkumpul bersama keluarga Anda
Visa,5,2 tahun lalu,Lokasi Bagus
N & N Chanel,4,6 tahun lalu,Area outbound untuk keluarga
Nurul Afifah,4,6 tahun lalu,Nyaman
Nurul Huda,5,6 tahun lalu,"Mantun
Bagus sekali"
Dwi Nurhanif,5,6 tahun lalu,Tempat yang bagus untuk menginap dan bermain
Ary_ Aditya,5,7 tahun lalu,Tempat yang bagus
Indra AP,3,setahun lalu,Normal
Aji Rahman,5,7 tahun lalu,Makanan enak dan tempat bagus
evanrizky 86,5,3 tahun lalu,Bersih...dingin
Ocean Optik,3,8 tahun lalu,
Ardhilla Wahyu Laksono,5,7 tahun lalu,Direkomendasikan..👍👍 …
Ruly Prastiwi,3,2 tahun lalu,
Boer Man,5,setahun lalu,
dita anova,5,6 tahun lalu,
Dewi Astutik,5,2 tahun lalu,
Prastica Diah Pratiwi,5,3 tahun lalu,
aris kustiawan,4,3 tahun lalu,
Yasin Fadillah,4,6 tahun lalu,Tempat yang indah dengan tata graha yang baik
Ekwan Wiratno,4,setahun lalu,
Mur Batantra,5,6 tahun lalu,
tulus rendra,5,2 tahun lalu,
ditia rahmad,4,6 tahun lalu,Rumah tinggal lumbung
onny ardianto,3,4 tahun lalu,
anifatum masruroh,5,7 tahun lalu,
dwieka official,5,5 tahun lalu,
Faisal NorisA,5,setahun lalu,
Fery Irfan Nurrahman,5,4 tahun lalu,"Pemandangan indah, cuaca bagus"
Michelle Firstiant,4,6 tahun lalu,
Nanang Junaedi,3,5 tahun lalu,Sangat ramah dan sangat ramah
Dimas Adityo Nugroho,5,4 tahun lalu,
Matatias Febry,5,6 tahun lalu,"Harga terjangkau, tempat alami"
Rafis&Nuva Chanel,5,5 tahun lalu,
wiwid widiartini,5,5 tahun lalu,Pemandangan alami....konsep unik
verdie herias,5,6 tahun lalu,Tempat yang bagus dan makanan yang enak
De Wil,4,6 tahun lalu,
Meyta Kurniasari,2,6 tahun lalu,
joni sucianto,5,6 tahun lalu,
uchakka,5,10 bulan lalu,
Babah Shofi Sholih,5,3 tahun lalu,
Ravi Jeremy,5,2 tahun lalu,
Marya Dwi Ulfa,3,5 tahun lalu,
inda titik irawati,5,6 tahun lalu,
surfing board,5,6 tahun lalu,permainan yang menyenangkan
Supri Yanto,5,6 tahun lalu,Bersih dan sejuk
ratih damayanti,3,7 tahun lalu,Pemandangan yang bagus
Nuri Hendra Waspada,3,5 tahun lalu,Tidak buruk
bung yus,4,6 tahun lalu,Udara dingin.
Rini Ika Sari,5,7 tahun lalu,Tempat yang luar biasa untuk menyegarkan pikiran Anda
Puspito Hapsari,3,4 tahun lalu,
Rahma Pratidina,5,2 tahun lalu,
Dian Ahmad Sasmito,4,2 tahun lalu,
Nyi Tyas,5,3 tahun lalu,
Alfi Qomariyah,5,6 tahun lalu,
Imam Akhmad,5,6 tahun lalu,Lokasinya keren
mukhtarom ali rakhman,5,2 tahun lalu,
khoirun Nisa,5,7 tahun lalu,
Rizky GusmaSaputra,4,7 tahun lalu,"cukup nyaman, tapi mahal"
Larasati clarisa hapsari,3,6 tahun lalu,Rasa makanan yang enak
Fahriza Rifqi,5,8 tahun lalu,Kilas balik mainan lama kita 😂 …
Berta B,5,6 tahun lalu,Penuh kenangan.. 😍😇 …
dimas agung ihsanuddin,5,2 tahun lalu,
Eggy Fahreezy,4,6 tahun lalu,
Yudi Anto,4,Diedit 4 tahun lalu,
Heroe,5,7 tahun lalu,
Natalia Dw,5,5 tahun lalu,
Lia Novitasari,5,7 tahun lalu,
Mf,4,9 tahun lalu,Sangat baik
Jane Christiantie,4,7 tahun lalu,
ahmad syafi nalurianto,5,sebulan lalu,
Alfi_Izzur_Rosyadi,5,7 tahun lalu,pelayanan bagus dan pemandangan bagus
Intan,5,6 tahun lalu,
yudi nagano,5,5 tahun lalu,
Mustafa Bin Madin,5,9 tahun lalu,Tempatnya dingin.
YANTI PUSPITARINI,5,4 tahun lalu,
Amanda Dea,4,7 tahun lalu,
3 3,5,5 tahun lalu,
Aditya Mardi,5,5 tahun lalu,"Asri
. Kembali ke alam 👍 …"
KHOIRIYAH TRIANITA,5,6 tahun lalu,
Wahyu Yuniarko,5,5 tahun lalu,
Sewa motor Kota batu,5,3 bulan lalu,
ALFRI,4,5 tahun lalu,
Rona Makatita,5,5 bulan lalu,
Maslikah Rafa,3,6 tahun lalu,
Nadhira,5,6 tahun lalu,tempat yang bagus
Adelia khanza Adel,5,5 tahun lalu,
Arsya ramadhan,5,5 bulan lalu,
Anita Rahmawati,4,Diedit 7 tahun lalu,
anharul huda,4,7 tahun lalu,Murah dan ceria
ISTANA Villa Batu,5,7 tahun lalu,Area rekreasi keluarga
Gotek Perfume,5,6 tahun lalu,Yaaaaa
Yohanes Andri Setyawan,5,6 tahun lalu,Sippy
Diary AQA13,5,7 tahun lalu,Jika
susanto ari,5,5 tahun lalu,Juicyyyy
Jaguar Blue,5,5 tahun lalu,Mantaaap
Afifah Fajar,5,7 tahun lalu,Dinding
Anton Suhartono,5,4 tahun lalu,Hai!
imam mahrus ali,4,6 tahun lalu,Dinginnn
Dedik Saja,5,6 tahun lalu,Joos
Comoro Atsy,5,5 tahun lalu,Buagus
adi putra,5,6 tahun lalu,Selama
Tsalis Jabbar,5,6 tahun lalu,"Tempat yang bagus, menginspirasi"
Re re_,5,5 tahun lalu,Emejingg
Alinda Justie,5,5 tahun lalu,Pelayanan yang baik
Yohanes Wahyukusuma,5,6 tahun lalu,Ntapz
SILVERIA CENTER,2,7 tahun lalu,tandoor
ade ibe,5,6 tahun lalu,Indaaaaah
DOT,5,5 tahun lalu,Oke
Syifa'ul Ma'arif,4,7 tahun lalu,dolan
Mikael Haryo Wibisono,5,6 tahun lalu,Hotel yang bagus
Boedi Darmawan,3,7 tahun lalu,Taman Bermain
Diawinasis Mawi Sesanti,5,6 bulan lalu,
Choirul Chafid,4,5 tahun lalu,Tempat yang bagus untuk menyegarkan diri
Didiek Siswanto,5,5 tahun lalu,Oke
Mario Zacky.channel,5,5 tahun lalu,Asri kacau..
Abdurrahman Assegaf,5,7 tahun lalu,Luar biasa
Agung Prasetyo,3,6 tahun lalu,Tempat dengan anggaran rendah
ZAMRONI RODHI,5,6 tahun lalu,Kecantikan
Alam Mi,5,4 tahun lalu,joooossss gandoss kotos kotos
Savitri kusumawardani,1,5 tahun lalu,Sempurna
Boedi Darmawan,4,7 tahun lalu,Taman Wisata Bumi Aji
tripindo T and T,3,7 tahun lalu,Bagus
Dulure Dewe,5,6 tahun lalu,Bagus
rudy yulianto,5,8 tahun lalu,Benda
Monica Christiani,5,3 tahun lalu,Pelayanan yang baik
salsa biela,5,6 tahun lalu,Ya baik ya!
tira sugandi,4,5 tahun lalu,Bagus
Dj Anny,5,6 tahun lalu,Bagus
Rosa Ariesta,5,6 tahun lalu,CINTA
Ashar Bani,4,7 tahun lalu,Bagus
Venny Anggia,4,7 tahun lalu,Segar
Nguwad Gudeb,5,7 tahun lalu,Bagus
alifia salsa,3,7 tahun lalu,Luar biasa
bunda ian E,5,7 tahun lalu,Begitu alami ....
Obik To Biki,3,7 tahun lalu,Cantik
Fajar Setyani,5,5 tahun lalu,layanan hebat!
Mulya Ady Santoso,5,7 bulan lalu,
Himiawan Wirrandyhatma,3,7 tahun lalu,Jam
Wijaya Chanel,5,7 tahun lalu,bukan
abdul hadi harahab,5,5 tahun lalu,Terima kasih kembali.
Maks AB,2,7 tahun lalu,Itu tidak bagus
Chyntia April liani,5,7 tahun lalu,Pembantu gergaji mesin
Probo Pamungkas,4,7 tahun lalu,Klik
Mustain Mustain,5,8 bulan lalu,
Espe Channel,4,4 tahun lalu,Kami
Hendry Purnomo,5,6 tahun lalu,Terjangkau 👍 …
Adzha Adamti,4,8 tahun lalu,Alam
Riki Mandau Juniawan (Mendrez),4,7 tahun lalu,👍👍👍👍 …
Lydia Ekawati,4,10 bulan lalu,
Aries Faradillah _Ais,5,11 bulan lalu,
Rizky Aris Simanjuntak,5,setahun lalu,
row _him,5,setahun lalu,
Raffajaya,5,setahun lalu,
Benni Setiawan,5,setahun lalu,
Indah Puji Lestari,5,setahun lalu,
Nadyalis Ta'mara Masajida,5,setahun lalu,
sungging dinda,5,setahun lalu,
hendra aprilianto April,5,setahun lalu,
Saski Habi,5,setahun lalu,
Tri Handayani,5,setahun lalu,
Tyan Setyanto,5,setahun lalu,
Nina Aja,5,setahun lalu,
Yoo Kayla,5,setahun lalu,
Moch Ashari,5,setahun lalu,
Aviana Mardhiyyah Rahmaputri,5,setahun lalu,
Yunita Sari,4,setahun lalu,
ir Arif Supriyono,2,8 tahun lalu,Sangat Alami
Iis Cecan,5,setahun lalu,
Oldina Novalia,5,setahun lalu,
Mochamad kahfi mufariq,5,setahun lalu,
Arifin Nur kolis,5,setahun lalu,
27. LAILI YUHA IKWANTAMA,5,setahun lalu,
Auditha Sugara,4,setahun lalu,
Syamsul Arifin,4,setahun lalu,
Dita Saputra,3,setahun lalu,
mendol Andira,4,setahun lalu,
li'za Diana Manzil,4,2 tahun lalu,
Nico Adrian,4,2 tahun lalu,
Rafli Rifqiansyah Ibrahim,5,6 tahun lalu,Benar-benar santai
Dicky Poetra Jawa,5,2 tahun lalu,
Akihiko Yus,5,11 bulan lalu,Selamat pagi 👍
eko aguss,5,2 tahun lalu,
andrie sby,4,2 tahun lalu,
Hiburan Terkini,5,2 tahun lalu,Direkomendasikan
Yudy Mardianto,5,2 tahun lalu,
M IN,5,2 tahun lalu,
DN R,5,2 tahun lalu,
Hendra Sanjaya,5,2 tahun lalu,
Titik Riwayati,5,2 tahun lalu,
richa risna,5,2 tahun lalu,
Sumino GI,5,2 tahun lalu,
Veronika Tutik,4,2 tahun lalu,
Antok Mashter,5,2 tahun lalu,
Ayuya Ayuya,5,2 tahun lalu,
lulus pe,5,2 tahun lalu,
Fanny Kirana,5,2 tahun lalu,
Muhammad Alif Farrel Alvino (Farrel),5,2 tahun lalu,
mas hudi,4,2 tahun lalu,
tyus fifa,5,2 tahun lalu,
mohammad kharis,4,2 tahun lalu,
Yhosie Yhoos,5,2 tahun lalu,
Iwan Arief Yudhianto,4,2 tahun lalu,
Iwan Arief,4,2 tahun lalu,
Yudhieck Wanardianto,4,2 tahun lalu,
Anassufi Hidayatulloh,3,2 tahun lalu,
Yuli Rahmawati,4,2 tahun lalu,
Ainun Muslimah,4,2 tahun lalu,
Raden Mas,5,2 tahun lalu,
arie wied,4,2 tahun lalu,
Retno Melanie,5,2 tahun lalu,
Ningrum Laty,4,3 tahun lalu,
yshnur,5,3 tahun lalu,
Nun's Sulam alis,5,3 tahun lalu,
Eko Prijantoro,2,3 tahun lalu,
Widi Nur Azizah,5,3 tahun lalu,
bagoes Wibowo,5,3 tahun lalu,
Faizatul Amanah,5,3 tahun lalu,
Alfa Erudite,5,3 tahun lalu,
Furkon Mudzakir,5,3 tahun lalu,
Gusti Mangku,5,3 tahun lalu,
Budi Mei,5,3 tahun lalu,
Edith santosa,3,3 tahun lalu,
Royal 17,5,3 tahun lalu,
Boedi R. Tagal,4,3 tahun lalu,
Ratnasari Wihardini,5,3 tahun lalu,
Andri Wintoro,5,3 tahun lalu,
Jaida Barton,5,3 tahun lalu,
Dayon Nurdiansyah,5,3 tahun lalu,
Rina wulan,4,3 tahun lalu,
Fajar.s Meidianto,5,Diedit 3 tahun lalu,
Miranti Nurul Huda,4,7 tahun lalu,Tempat yang bagus
Tiwik Trisanti,4,6 tahun lalu,
Jaya Saja,5,9 tahun lalu,Terbaik dari yang terbaik
exztagram,5,7 tahun lalu,Tempat yang bagus
Novianti Novi,5,7 tahun lalu,
Friska Febrian,5,8 tahun lalu,
Rasmini Hari,2,8 tahun lalu,
Khanza Killa,5,9 tahun lalu,Direkomendasikan
andri lebos,5,6 tahun lalu,Tempat yang bagus
danar danuarsya,5,7 tahun lalu,Sama seperti itu
Desyta Martha Tiahahu,5,7 tahun lalu,Tempat yang bagus
Rahmat Basuki,5,6 tahun lalu,Tempat yang bagus
agustina setyaningrum,4,6 tahun lalu,"Kembali ke alam,"
dian andriansyah,5,6 tahun lalu,dolan dua kali
Nuril Mubin Elfas,5,6 tahun lalu,Pendinginan
lutfi yusuf,5,7 tahun lalu,Taman dolan
Tegoeh “3Döt” Raswidhyantoro,4,7 tahun lalu,Untuk Anak-anak ...
Ika Mujiani,5,5 tahun lalu,Mendengarkan...
Syilvia anita sari,5,7 tahun lalu,menarik
agungbamz (agungbamz),5,7 tahun lalu,Taman Dolan
ara az-zahra,3,8 tahun lalu,nayamul
Chabib Sihabudin,5,4 bulan lalu,
Risetyowati Wati,5,11 bulan lalu,
Evi Mustikawati,4,setahun lalu,
Riski Oktadiansya,5,setahun lalu,
Akhmad Lukman,4,setahun lalu,
Risma Agustina,5,setahun lalu,
Ika Ayuning,5,setahun lalu,
Anugrah teruss galvalum,5,setahun lalu,
Suwarman Sby,5,setahun lalu,
BearBRANDIT,4,setahun lalu,
Dondik Triyanto,4,2 tahun lalu,
Soheb Rahman,3,2 tahun lalu,
idur saja,5,2 tahun lalu,
adi carito,4,2 tahun lalu,
Widya Praditya,4,2 tahun lalu,
Sugeng Mijantoro,5,Diedit 2 tahun lalu,
Abdul Wachid,5,2 tahun lalu,
kresna arya,5,3 tahun lalu,
SUNYOTO ganteng,4,3 tahun lalu,
Arif Rahman,4,3 tahun lalu,
Yanto Jaya motor,4,3 tahun lalu,
Zeto Gaming,1,3 tahun lalu,
Anisa,5,3 tahun lalu,
Siska Anugrah,4,3 tahun lalu,
Dilan,5,3 tahun lalu,
heru widianto,5,3 tahun lalu,
Dyah Riyanto,4,3 tahun lalu,
fenna charisma,5,3 tahun lalu,
Ony Aon,5,3 tahun lalu,
S Eko Pranoto,5,3 tahun lalu,
R4P Gamers,5,4 tahun lalu,
Didit Pusdik,5,4 tahun lalu,
Filia AL,5,4 tahun lalu,
Betel Cool,5,4 tahun lalu,
novita Anggraini,5,4 tahun lalu,
DSP Pramest,4,4 tahun lalu,
Danang Wahyu Prasetyo,4,4 tahun lalu,
Heny Setyowati,4,4 tahun lalu,
Brianna Ramadhani Adara S.,5,4 tahun lalu,
Imron Wahyu,4,4 tahun lalu,
Hisyam Vespa,5,4 tahun lalu,
zain dewaruci,3,4 tahun lalu,
Dion Syahrur,3,5 tahun lalu,
ade andira safitri,5,5 tahun lalu,
Arfian Yudarta,5,5 tahun lalu,
sari ahmad,4,5 tahun lalu,
Ahmad Qusyairi S,5,5 tahun lalu,
Muriyanto Muriyantou,5,5 tahun lalu,
Saudi Imam,3,5 tahun lalu,
raras sasmaya,5,5 tahun lalu,
farhan ishaqi,5,5 tahun lalu,
HD Tech Auto Service,5,5 tahun lalu,
Deddy Andre Darmawan,5,5 tahun lalu,
arkhanie anny,5,5 tahun lalu,
Muhammad wijayanto,4,5 tahun lalu,
Lukita Abigail,3,5 tahun lalu,
Bram Setiawan,4,5 tahun lalu,
uyun rohmatul,5,5 tahun lalu,
kholilah alwafi,5,5 tahun lalu,
madda makhzumi,4,5 tahun lalu,
alfan darmawan,5,5 tahun lalu,
Dimas Gaming,3,5 tahun lalu,
maya sari,5,5 tahun lalu,
Sausan Mahri,4,5 tahun lalu,
Ragil Alfiani Diniarti,5,5 tahun lalu,
Danny Wicaksono,4,5 tahun lalu,
Anggria Puspitasari,3,5 tahun lalu,
Shella Yulinda,5,5 tahun lalu,
Atiek ratnawati,3,5 tahun lalu,
Muhamad Kholis,3,5 tahun lalu,
Vy,4,5 tahun lalu,
Ainun Najib,5,5 tahun lalu,
Andre Andhika,4,5 tahun lalu,
Faradlilah Shohifah,5,5 tahun lalu,
Ajeng Kartika,5,5 tahun lalu,
Ayu Condro Kartiko Marsudiana,5,5 tahun lalu,
Dewi Surya,4,5 tahun lalu,
mulis setyaningsih,3,6 tahun lalu,
Adi Pamungkas,4,6 tahun lalu,
Adie Alvani,5,6 tahun lalu,
Prayogo Hadi S,5,6 tahun lalu,
Syafi'udin Zahira,4,6 tahun lalu,
arie ayu malahayati,3,6 tahun lalu,
Evi Yunita,5,6 tahun lalu,
Azka Alhazen,5,6 tahun lalu,
Tjhia Cin Wie,4,6 tahun lalu,
Gatut Channel,3,6 tahun lalu,
Sarahlux,5,6 tahun lalu,
Kab.malang_SM ekstra_Faizin,5,6 tahun lalu,
Nur Hamidah,4,6 tahun lalu,
Kang Aden yatnika,4,6 tahun lalu,
Samuel Adhi Nugroho,2,6 tahun lalu,
Irsyadul Ibad,5,6 tahun lalu,
cak lemper,5,6 tahun lalu,
Muhammad Raihan,3,6 tahun lalu,
Maritza Aleenara Tridistia,4,6 tahun lalu,
mak denk,5,6 tahun lalu,
Madhouse Project,4,6 tahun lalu,
Alfan Mahmudi,4,6 tahun lalu,
Ririn Biwi,5,6 tahun lalu,
Eris Dita Prasetyo,5,6 tahun lalu,
johan dobens,1,6 tahun lalu,
Niagara Car Interior,5,6 tahun lalu,
Hisbul Fachrudin,3,6 tahun lalu,
rindy's store,5,6 tahun lalu,
H agus,5,6 tahun lalu,
Jamal Abd Nasir,3,6 tahun lalu,
ADM OPR Maria Anindyta Mega Putri,4,6 tahun lalu,
moch. sodiq joyo mulyo,4,6 tahun lalu,
Jelajah Kampung,5,6 tahun lalu,
Agus muji,2,6 tahun lalu,
Rama Fiano,4,6 tahun lalu,
Krisma Bayu,4,6 tahun lalu,
Ganis Sindhu,3,6 tahun lalu,
Putri Pidiawati,3,7 tahun lalu,
Mashudy Hudy,4,7 tahun lalu,
nadia tobing,5,7 tahun lalu,
Abigail Ulil Albab Affendi,4,7 tahun lalu,
09_Destira Sannu Pratama,1,7 tahun lalu,
Fajar Lukfi,5,7 tahun lalu,
Yoan Azz,3,7 tahun lalu,
Dewi Iwed,1,7 tahun lalu,
Awallya Fitriyanthi,4,7 tahun lalu,
Kristina Angelica,1,7 tahun lalu,
Dadang Tunjang,4,7 tahun lalu,
Andreas Prasetyo,4,7 tahun lalu,
Erni Diana,4,7 tahun lalu,
DZAHRIL ALDIANSYAH,3,7 tahun lalu,
shally martiani hernawan,5,7 tahun lalu,
Alisya Lingga Kurniawan,4,7 tahun lalu,
ariska oktaviani,5,7 tahun lalu,
Hadi hadi,5,7 tahun lalu,
april yanus,4,7 tahun lalu,
Zacky al ardebilli,5,7 tahun lalu,
Amelia Ardy,5,7 tahun lalu,
Muhammad Jo,5,7 tahun lalu,
Tonidwilaksito Tony,3,7 tahun lalu,
josva arscher,5,7 tahun lalu,
Tri Susanti,4,7 tahun lalu,
Jusuf Tjandra,1,7 tahun lalu,
Keke Purnama,5,7 tahun lalu,
indra kumara,1,7 tahun lalu,
Mifta Hadi,5,7 tahun lalu,
Mella Sabillah,4,7 tahun lalu,
Ayunda Fikri,5,7 tahun lalu,
Nanang,5,7 tahun lalu,
Mak wid,3,7 tahun lalu,
Ajeng Anggarena,5,7 tahun lalu,
Anto Gimbul,3,7 tahun lalu,
ermasetyo py,5,7 tahun lalu,
Wildestra Rahadi,5,7 tahun lalu,
Feby Rahmania,5,7 tahun lalu,
Lucky Masbrow,5,7 tahun lalu,
Uul Umah,1,7 tahun lalu,
Tefa Ardan,1,7 tahun lalu,
Nando Wiwin,3,7 tahun lalu,
Puspita Florida,4,7 tahun lalu,
firda firdananta,5,Diedit 7 tahun lalu,
Heru Ws62,1,7 tahun lalu,
Chitra Chirana permana,4,7 tahun lalu,
Rizki Ariesma,5,7 tahun lalu,
agung setiawan,5,7 tahun lalu,
Oktariza Pangesti,3,7 tahun lalu,
have fun with yasmine,4,7 tahun lalu,
HADI SETIAWAN,2,7 tahun lalu,
willdan arif pratama,5,7 tahun lalu,
Imam zailani,5,7 tahun lalu,
D H,4,7 tahun lalu,
Neha Putri,5,7 tahun lalu,
Noer Hidayah,3,7 tahun lalu,
nabila ar,3,7 tahun lalu,
Kamikaze Kamikaze,3,7 tahun lalu,
Annimatul Ma'rifah,4,8 tahun lalu,
Dani Wahyu,2,8 tahun lalu,
Azzan Najib,4,8 tahun lalu,
Farid Budiman,4,8 tahun lalu,
zulfi ilmi,5,8 tahun lalu,
sugiarto adi purnomo,4,8 tahun lalu,
Ima Yuanita,1,9 tahun lalu,
herastu winda,4,9 tahun lalu,